properties_id,nights_booked,occupancy,rental_income,star_rating
37,321,88,2622,5
38,168,46,5516,5
39,198,93,8344,5
232,248,68,1219,5
40,208,76,2473,5
371,204,56,2329,5
41,206,75,1785,5
42,212,58,2774,5
558,298,82,1565,5
43,329,9,1864,5
44,147,4,907,5
45,224,61,2053,5
1415,166,45,1563,5
46,198,54,1766,5
2268,2,66,16,5
2419,88,24,733,5
48,39,25,718,5
49,315,86,6983,5
50,194,53,1601,5
51,34,9,179,5
52,59,16,374,5
53,345,95,345,5
54,161,44,1208,5
55,359,98,365,5
4013,0,0,0,5
3276,84,23,1862,5
56,191,52,1003,5
57,234,64,3549,5
58,351,96,3188,5
21,177,48,205,5
18,248,68,1529,5
19,74,3,271,5
20,214,59,927,5
22,52,19,849,5
23,32,11,317,5
24,56,3,709,5
25,287,79,2798,5
26,6,16,39,5
27,91,25,645,5
28,302,9,2745,5
31,291,8,3832,5
32,1,1,31,5
33,328,9,2542,5
34,207,57,1484,5
35,222,61,2812,5
36,145,53,2707,5
30,136,56,1394,5
29,233,64,1456,5
59,217,59,1411,5
61,301,82,301,5
62,181,5,89,5
63,365,1,2433,5
64,207,57,1346,5
65,208,57,208,5
66,234,64,1482,5
67,191,52,2101,5
68,126,41,252,5
69,18,49,12,5
70,82,22,1319,5
71,146,4,3017,5
72,364,1,2123,5
73,284,78,2248,5
75,26,71,4788,5
47,261,72,2719,5
76,111,3,694,5
77,157,57,157,5
78,297,81,11855,5
80,109,3,1363,5
81,23,63,1553,5
82,3,82,565,5
84,59,16,418,5
86,336,92,3528,5
87,91,25,501,4
90,188,52,1441,5
93,229,63,187,5
95,332,91,2794,5
96,137,64,3249,5
97,75,49,4275,5
98,262,72,2445,5
99,211,58,2251,5
100,75,25,1178,5
101,27,74,1913,5
102,316,87,1975,5
103,353,97,2648,5
104,322,88,7352,5
105,4,13,32,5
107,184,5,184,5
108,79,22,1448,5
109,232,69,2172,5
110,345,95,1754,5
111,326,89,11655,5
112,17,47,1289,5
113,278,91,5226,5
114,318,87,1537,5
115,291,96,2561,5
116,12,36,1364,5
60,275,1,1283,5
79,186,51,3131,5
83,314,86,1936,5
92,16,44,132,5
117,358,98,355,5
120,351,96,3773,5
121,215,59,1183,5
122,98,27,76,5
123,244,67,2806,5
124,311,85,3654,5
125,283,78,3349,5
126,215,59,1362,5
127,167,46,1294,5
128,8,9,36,5
129,303,83,2247,5
131,187,51,1434,5
132,304,83,3116,5
94,146,44,1128,5
133,212,58,1714,5
134,2,7,432,5
135,7,57,2013,4
136,225,62,2231,5
137,279,76,6929,5
138,186,56,795,5
139,136,37,1145,5
141,175,48,6315,4
142,204,56,1139,5
144,156,51,131,5
145,247,68,1482,5
146,56,15,803,5
147,171,47,1325,5
148,71,77,3053,5
149,289,79,1638,5
150,328,9,1476,5
151,35,96,1779,5
152,23,63,1208,5
153,157,43,5351,5
156,325,89,2708,5
158,169,46,2,5
159,246,67,1866,5
160,21,69,2898,5
161,284,93,2499,5
162,271,74,1965,5
163,245,1,2879,5
164,341,93,4518,5
165,347,95,2834,5
166,299,82,2691,5
167,132,36,143,5
168,261,72,4676,5
170,238,65,1666,5
171,74,22,693,5
172,178,65,1582,4
118,92,6,149,5
130,136,41,779,5
143,253,69,1666,5
155,19,52,1884,0
174,95,26,895,5
175,178,49,2551,5
176,46,5,1579,4
177,47,31,11,5
178,175,48,2129,5
181,312,85,3562,5
183,212,58,159,5
184,212,58,1201,5
186,344,94,2265,5
187,334,92,2366,5
188,287,79,1459,5
189,45,12,375,5
190,168,46,252,5
191,317,87,2457,5
192,153,42,1364,5
193,327,9,4278,5
194,324,89,1809,5
195,96,45,133,5
196,142,39,1112,5
197,93,38,1837,5
198,78,21,559,5
201,26,71,2838,5
202,2,5,217,4
203,196,54,3087,5
204,186,51,3317,5
205,322,88,2147,5
206,67,18,625,5
207,83,67,1764,5
208,119,36,746,4
209,69,19,2185,5
210,289,79,5226,5
211,83,23,899,5
212,143,39,798,5
213,121,33,938,5
214,39,11,322,5
215,153,46,1488,5
216,345,95,2358,5
217,341,93,3296,5
218,234,64,1424,4
219,176,48,1144,5
220,298,82,154,5
221,275,75,1352,5
223,166,45,1798,5
224,82,25,2013,5
226,212,58,1979,5
227,308,84,3131,5
228,296,81,3009,5
229,28,8,147,5
173,359,98,2992,5
199,109,3,672,5
200,45,12,236,5
231,307,84,1305,5
233,111,3,4116,5
234,333,91,2498,5
235,186,51,2217,5
236,137,38,161,5
237,194,58,2028,5
238,355,97,4793,5
239,85,28,1003,5
240,137,38,719,5
242,348,95,4147,5
244,27,74,1328,5
245,38,1,855,5
246,187,51,1543,5
247,349,96,1832,5
185,161,48,1551,5
248,304,83,6789,5
249,243,79,1798,5
250,35,1,233,5
251,239,65,916,5
252,178,49,2655,5
255,221,61,2744,5
256,332,91,2324,5
257,263,72,3003,5
258,26,78,2222,5
259,9,25,885,5
260,11,89,286,5
261,244,89,2603,5
263,11,3,267,5
264,28,84,2876,5
265,318,95,2862,5
266,282,84,2077,5
267,28,77,315,5
268,338,93,5408,5
269,135,37,1755,5
271,274,75,5275,5
272,258,71,1892,5
273,22,6,1833,5
274,12,33,98,5
275,107,29,633,5
276,59,19,684,5
278,229,83,117,5
279,276,76,2208,5
281,34,9,181,5
282,144,39,1344,5
283,289,79,3829,5
284,107,29,1186,5
285,71,77,1657,5
286,28,77,4947,5
287,279,76,3023,5
241,117,32,575,5
254,41,15,369,5
253,0,0,0,5
307,83,23,1363,5
288,247,68,1153,5
289,49,53,196,5
290,167,46,3187,5
291,84,25,802,5
292,252,69,3507,5
293,13,39,2813,5
295,28,1,473,5
296,294,81,2646,5
297,231,63,5005,5
298,48,17,592,5
299,186,51,1271,5
300,296,81,2467,5
301,17,51,1839,5
302,211,58,204,4
303,338,93,2507,5
304,253,76,2047,5
305,264,72,1936,5
306,189,52,1071,5
308,92,6,1435,5
309,171,47,1226,5
311,292,8,2506,5
312,288,79,1392,5
314,229,63,4256,5
315,29,8,193,5
316,21,58,2433,5
317,13,36,975,5
318,2,73,3356,5
320,336,92,196,5
321,66,18,809,5
323,142,39,1633,5
324,109,3,2652,5
325,247,68,1832,5
326,59,18,1593,5
327,261,72,2066,5
329,219,6,2592,5
330,223,61,4646,5
331,27,74,2228,5
332,318,87,1113,5
333,55,15,839,5
334,209,57,2822,5
335,77,21,1271,5
336,21,6,88,4
337,312,93,2297,5
338,89,24,771,5
339,86,24,2236,5
340,193,53,1448,5
341,89,32,88,5
342,106,29,777,5
343,193,53,267,5
322,35,96,2975,5
294,229,63,1966,5
344,22,6,1375,5
345,218,6,2598,5
346,87,26,2357,5
347,339,93,3136,5
348,199,55,1161,5
349,4,13,952,5
350,93,43,85,5
351,22,6,2182,5
352,346,95,3345,5
353,1,65,166,5
354,28,77,2147,5
355,37,1,509,5
356,99,32,1198,5
357,253,76,2277,5
359,287,79,3492,5
360,19,52,152,5
361,109,71,2333,5
363,282,77,3878,5
364,162,44,5508,5
366,243,67,3949,5
368,175,48,156,5
369,258,71,2967,5
372,196,54,1797,5
373,115,32,863,5
374,125,34,1958,5
375,151,41,146,5
376,66,72,2662,5
377,191,52,1926,5
378,146,4,1363,5
379,302,83,3372,5
380,17,47,1842,5
381,79,29,1931,5
382,295,81,4179,5
383,364,1,4247,5
385,129,35,33,5
386,253,69,3669,5
387,178,49,1825,5
388,178,49,2077,5
389,183,5,1876,5
390,227,83,2623,5
391,364,1,4277,5
392,158,47,1365,4
393,316,87,316,5
394,33,9,371,5
395,78,21,748,5
396,89,24,905,5
397,105,29,1251,5
398,59,32,1701,5
399,66,18,402,5
400,221,61,1805,5
362,144,39,768,5
384,36,13,436,5
277,1,0,27,5
365,0,0,0,5
401,57,27,1466,5
402,286,78,1144,5
403,131,36,993,5
404,272,75,1813,5
406,28,77,2683,5
407,17,47,3329,5
408,62,41,336,5
409,276,76,3542,5
410,191,52,3884,5
411,228,62,3211,5
412,159,44,2465,5
413,244,67,1362,5
415,28,8,14,4
418,345,95,2243,5
420,21,63,2902,5
421,325,97,2039,5
422,113,31,1196,5
423,86,26,751,5
424,18,5,108,5
425,53,35,1389,5
426,103,37,1293,5
427,314,86,2041,5
428,292,8,1436,5
429,57,21,1868,5
430,107,7,1819,5
431,267,73,3404,5
432,309,85,4944,5
433,173,47,2408,5
434,196,54,4247,5
435,178,49,5844,5
436,25,68,3417,5
437,212,58,189,5
438,157,43,1492,5
439,34,9,493,5
440,9,98,546,5
441,211,58,153,5
442,31,85,1989,5
443,6,49,1215,5
444,114,31,1036,5
446,1,4,96,4
447,343,94,4402,5
449,119,33,1517,5
450,105,69,2394,5
451,56,17,453,5
453,48,2,87,5
454,257,7,2591,5
456,338,93,1972,5
457,13,36,943,5
405,16,44,1427,5
419,0,0,0,5
503,255,7,221,5
458,25,68,2125,5
459,72,78,2976,5
460,317,87,2166,5
462,183,5,1891,5
465,21,58,175,5
467,254,7,2223,5
468,28,77,133,5
469,32,88,2213,5
470,146,4,202,5
471,244,67,1728,5
472,19,52,2977,5
473,234,64,1716,5
474,211,58,6119,5
476,116,76,2204,5
477,303,83,1843,5
478,94,51,1253,5
479,264,72,2882,5
480,21,23,203,5
481,75,49,3585,5
482,68,19,1281,5
483,286,78,3599,5
485,238,65,2618,5
486,132,36,748,5
487,273,75,1593,5
488,108,3,873,5
489,71,19,574,5
491,109,3,1026,4
492,212,58,2173,4
493,173,47,3705,4
494,108,3,1521,5
495,352,96,5163,5
496,255,7,3485,5
498,145,4,1184,5
499,33,9,267,5
500,245,67,2062,5
501,163,54,1923,5
502,85,23,878,5
504,191,52,2833,5
505,114,31,2166,5
507,276,76,4324,5
508,84,23,154,4
510,214,59,2515,5
511,147,4,87,5
512,63,41,1575,5
513,57,17,57,5
514,254,7,2688,5
461,243,67,808,5
464,177,48,752,5
484,98,27,613,5
497,145,4,471,4
475,0,0,0,5
528,226,62,2034,5
515,312,85,10764,5
516,316,87,2976,5
517,154,42,898,5
518,58,16,817,5
519,176,48,5999,5
520,276,76,529,5
521,2,55,15,4
522,61,18,532,5
523,148,41,1209,5
524,2,1,58,5
525,287,79,4712,5
526,65,18,639,5
527,91,25,925,5
529,185,51,2852,5
530,231,69,1953,5
531,94,26,854,5
532,147,4,2585,5
533,306,84,4029,5
534,46,14,427,5
535,141,39,2268,5
536,7,46,1554,5
537,51,33,673,5
539,316,87,5161,5
540,346,95,3229,5
541,18,49,156,5
542,276,76,3289,5
543,358,98,2775,4
545,242,66,2097,5
546,117,32,1004,5
547,283,78,6839,5
548,31,85,7156,5
549,296,81,3478,5
550,54,2,1974,5
551,281,77,3606,5
552,319,87,3509,5
553,339,93,1497,5
556,148,41,1788,5
557,173,47,173,5
559,298,82,2136,5
560,134,55,1692,5
561,14,51,2644,5
562,92,25,1265,5
563,287,79,1076,5
564,41,17,912,5
565,19,12,695,5
566,157,43,1675,5
567,101,28,1465,5
568,106,32,2303,5
569,163,45,1494,5
544,237,65,1284,4
554,178,49,1958,5
571,186,51,1194,5
572,127,38,1374,4
573,175,95,1633,5
574,19,7,306,5
575,29,79,1329,5
576,112,31,1587,5
578,229,63,2634,5
579,93,25,1263,5
581,284,78,4236,5
582,222,61,1443,5
583,146,4,157,5
584,305,1,241,5
585,23,63,2051,5
586,219,6,2008,5
587,179,97,2059,5
588,149,41,1651,5
590,295,81,1991,5
591,286,78,4052,5
592,93,25,326,4
593,149,41,646,5
594,94,26,1488,5
595,248,68,1405,5
596,225,62,2269,5
598,345,95,1639,5
599,142,39,1527,5
600,209,57,1306,5
604,142,39,1503,5
605,283,92,2632,5
606,293,8,3589,5
609,147,96,2499,5
610,51,17,979,5
611,203,56,1201,5
612,207,68,2629,5
613,317,87,2879,5
614,356,98,267,5
615,333,91,2636,5
616,76,25,1376,5
617,261,72,9287,5
618,164,49,3176,5
619,313,86,5034,5
620,205,56,3519,5
621,237,65,3219,5
622,207,57,1415,4
623,49,15,753,5
624,306,84,2703,5
625,332,91,1245,5
626,204,67,153,5
577,93,25,736,5
632,206,56,1631,5
627,114,31,381,5
628,72,24,2815,5
629,67,44,3055,5
630,84,23,756,5
631,27,29,1269,5
633,339,93,3277,5
634,155,42,1537,5
635,259,71,3022,4
636,75,31,1538,5
637,335,92,2931,5
638,266,73,2217,5
640,187,56,1122,5
641,79,22,1797,5
509,38,1,1032,5
642,208,57,3103,5
643,216,59,1908,5
644,119,39,595,4
645,239,88,239,5
646,14,5,391,5
647,351,96,3569,5
648,136,37,1133,5
649,12,3,103,5
650,174,48,1146,5
1974,102,28,3893,5
651,12,13,572,5
652,13,42,2951,5
653,83,23,961,5
655,155,42,1175,5
656,28,8,681,5
657,73,2,1113,5
660,311,85,2073,5
661,179,49,1178,5
663,33,9,4593,5
664,121,33,716,5
665,358,98,2685,5
666,4,2,55,5
667,49,53,1748,5
668,262,72,3122,5
670,93,28,1327,5
671,301,82,1405,5
672,246,67,1825,5
674,315,86,189,5
676,1,27,145,5
681,1,27,1175,5
682,237,71,4158,5
683,156,43,3276,5
684,128,35,917,5
685,2,66,176,4
686,264,87,2112,4
687,345,95,2818,5
689,152,5,4165,5
690,63,21,1789,5
691,299,82,1694,5
695,142,39,187,5
696,1,27,3367,5
697,39,11,666,5
698,203,56,88,5
699,299,98,3169,5
700,187,51,2867,5
701,308,84,3029,5
702,64,23,1223,5
704,191,52,2961,5
705,166,45,5257,5
706,124,37,4768,5
707,133,36,2195,5
708,133,36,1751,5
709,156,43,1378,5
711,183,5,5033,5
712,114,31,1625,5
713,8,22,1,5
714,31,85,8448,5
715,142,52,1294,5
717,304,83,2179,5
718,22,6,253,5
721,91,25,1251,5
723,134,44,1233,5
724,1,33,78,5
725,32,88,3413,5
726,31,85,2635,5
727,266,73,2438,5
728,31,8,393,5
729,39,11,419,5
730,111,37,1843,5
731,96,32,1114,5
732,349,96,2123,5
734,54,18,977,5
692,282,77,5311,5
693,339,93,2543,5
680,96,32,1162,5
688,315,86,2021,5
736,0,0,0,4
737,265,73,3953,5
738,291,8,1819,5
2006,25,81,1875,5
741,69,21,634,5
743,28,92,154,5
745,163,45,3518,5
746,77,25,631,5
747,113,34,1233,5
749,15,4,164,5
601,19,57,1382,5
751,233,77,2237,5
752,4,1,182,5
753,53,35,1261,5
754,236,65,3776,5
755,344,94,4873,5
756,309,85,1803,5
757,156,43,2535,5
758,206,56,1803,5
759,275,75,1352,5
760,117,32,3803,5
761,118,32,1298,5
762,319,87,3163,5
763,223,61,1431,5
764,89,48,1543,5
765,276,83,286,5
767,136,37,2403,5
768,309,85,1725,5
769,186,51,1643,5
770,143,39,118,5
771,128,35,1568,5
772,105,49,156,4
773,92,25,1786,5
774,141,39,3631,5
775,75,21,1069,5
776,246,67,2194,5
777,125,37,1761,5
778,61,2,2037,5
779,52,17,411,5
780,4,13,56,5
781,57,16,675,5
782,332,91,7498,5
783,86,32,984,5
784,201,55,2178,5
785,44,21,1043,5
786,211,58,1635,5
787,29,1,336,5
788,36,1,339,5
789,58,47,2973,5
790,115,32,1083,5
791,78,21,683,5
748,27,74,4568,5
742,43,18,446,4
744,302,83,1208,5
792,44,14,326,5
793,47,13,834,5
795,201,55,3551,5
796,26,71,3207,5
798,149,41,1912,5
799,69,23,6,5
800,5,16,56,4
801,291,96,3085,5
802,237,65,3298,5
803,64,21,538,5
804,218,6,3434,5
805,197,8,1847,5
806,37,12,622,5
807,8,26,1208,5
808,224,61,4499,5
809,76,28,692,5
812,13,4,104,5
813,95,26,736,5
815,272,75,1904,5
816,217,71,1671,5
817,166,45,1065,5
818,2,7,24,5
819,73,27,998,5
820,11,3,1192,5
821,64,18,848,5
822,345,95,1955,5
823,187,51,1371,5
824,272,99,3083,5
826,267,73,1869,5
827,303,83,25,5
828,179,53,2425,5
829,43,14,344,5
830,105,29,709,4
831,77,21,918,5
832,75,25,141,5
835,211,58,204,5
836,246,74,2236,5
837,68,37,153,5
838,267,73,336,5
839,277,76,3647,5
840,75,25,96,5
841,44,14,1351,5
842,271,74,2326,5
843,63,17,378,5
844,78,21,1079,5
845,199,55,1476,5
846,344,94,2523,5
848,156,43,273,5
825,45,12,908,5
797,18,49,138,5
810,83,23,657,5
849,38,13,479,4
850,258,77,1923,5
851,101,28,934,4
853,29,79,2731,5
854,268,73,3305,5
855,29,8,176,5
857,19,52,4893,5
858,147,4,109,5
859,222,61,1998,4
860,18,6,306,4
861,74,2,432,5
862,7,23,735,5
863,265,73,3997,5
864,249,68,2801,5
865,157,43,1492,5
866,45,15,459,5
868,115,75,3795,5
869,27,87,2322,5
870,15,6,182,5
871,282,77,2397,5
872,21,58,2713,5
873,29,1,293,5
874,85,4,1263,4
875,179,59,2255,5
876,75,25,1163,5
877,31,1,406,5
878,66,72,2222,5
879,14,51,14,5
880,115,32,93,5
881,188,52,3478,5
882,81,22,1593,5
883,151,99,2416,5
884,195,53,2584,5
885,134,4,1035,5
886,106,29,144,5
887,26,7,249,5
888,329,9,4003,5
889,113,31,1375,5
890,204,56,2618,5
891,59,22,649,5
892,141,42,1295,5
893,2,55,24,5
897,164,45,2296,5
898,159,52,1447,5
900,35,38,1563,5
901,95,28,838,5
902,16,4,131,5
903,111,9,2137,5
904,59,16,1057,4
856,29,11,287,5
946,276,76,207,5
905,154,63,154,5
906,32,11,31,5
907,23,8,186,5
908,247,68,4981,5
910,9,3,837,5
911,18,59,1476,5
912,152,42,1507,5
913,168,55,336,5
914,54,18,1571,5
915,3,12,225,4
916,171,56,5045,5
917,194,53,2247,5
740,239,65,2251,5
918,45,12,671,5
919,329,9,2248,5
920,17,5,264,4
921,141,39,2891,5
922,26,7,566,5
924,48,52,2608,5
925,193,53,3024,5
926,212,7,195,5
927,76,41,1216,5
928,58,24,66,5
929,147,4,1703,5
930,35,13,35,5
931,15,41,1225,5
932,165,45,1774,5
933,142,66,2779,5
934,203,56,1117,5
935,229,63,5248,5
936,27,9,319,5
937,88,29,827,5
938,53,43,914,5
939,154,51,816,5
940,244,67,2989,5
941,47,26,713,5
942,114,31,1558,5
943,117,38,3346,5
944,25,2,469,5
945,85,35,85,5
947,143,39,941,5
948,28,11,263,5
949,12,33,96,5
950,232,69,1814,5
951,107,29,1355,5
952,21,58,2135,5
953,147,48,1117,5
954,282,77,2209,5
955,289,95,2457,5
956,299,82,3389,5
957,269,88,2475,5
958,183,5,2882,5
909,31,1,3069,5
1002,144,39,1296,5
959,57,19,422,5
961,255,76,2086,5
962,27,74,252,5
963,165,54,1584,5
964,157,58,1605,5
965,122,4,377,5
966,119,39,2463,5
967,31,93,1691,5
968,25,12,514,5
969,29,8,747,4
970,212,58,2102,5
971,52,14,503,5
972,327,9,2316,4
974,147,48,2587,5
975,139,38,3718,5
976,158,43,1304,5
977,135,63,2237,5
978,189,52,3134,5
979,42,23,77,5
980,66,22,601,4
981,11,36,1969,5
982,162,44,158,5
983,107,32,1654,5
984,144,47,4752,5
985,159,52,1908,5
986,52,17,993,5
987,13,6,251,5
988,45,16,585,5
989,7,23,1169,5
990,54,2,51,4
991,16,44,1907,5
992,61,2,39,5
993,27,13,714,5
994,52,14,771,5
995,7,23,1071,4
996,44,16,875,5
997,277,91,3158,5
998,34,11,415,5
999,16,53,3232,5
1001,168,46,154,5
1003,59,19,909,5
1005,8,26,64,5
1006,41,13,459,5
1007,45,49,1365,4
1008,4,33,162,5
1009,15,5,135,5
1010,111,41,1505,5
1012,79,22,1192,5
1013,8,65,162,5
1011,32,11,637,4
973,54,25,648,5
1014,22,7,506,5
1015,82,27,1009,5
1016,6,2,12,5
1018,28,1,345,5
1019,16,6,791,5
1022,186,51,1752,5
1023,336,92,2828,5
1024,62,23,1164,5
1025,153,42,1862,5
1026,119,36,3159,5
1027,55,16,325,4
1028,114,38,1322,5
1029,189,52,2583,5
1030,5,14,1067,5
1031,108,44,1593,5
1032,131,53,1015,5
1033,25,68,6771,5
1034,21,7,191,5
1035,141,39,2597,5
1036,97,32,902,5
1037,33,27,949,5
1038,199,59,2044,5
1039,107,32,1196,5
1041,46,15,529,5
1042,12,4,3,4
1043,63,21,138,5
1044,17,6,195,5
1045,137,45,2,5
1046,153,5,2356,5
1049,71,23,1022,5
1050,265,87,3286,5
1051,37,12,255,5
1052,32,12,345,5
1053,16,75,1646,5
1054,33,11,396,4
1055,304,83,2685,5
1056,133,36,1585,5
1057,11,4,94,4
1058,52,17,51,3
1059,104,34,437,5
1061,24,72,2204,5
1062,69,23,938,5
1064,83,25,966,5
1065,198,59,8928,5
1066,12,39,2052,5
1067,123,4,1378,5
1040,199,55,3599,5
1047,124,41,1451,5
1020,51,17,602,5
833,43,18,446,5
1063,1,0,24,5
1017,0,0,0,5
1105,243,8,661,5
1107,8,26,84,5
7,286,78,1192,5
1094,46,15,616,5
1104,59,39,1416,5
1069,197,59,3134,5
1070,14,5,123,5
1071,42,14,848,5
1072,288,86,1335,5
1073,31,1,372,5
1074,5,54,1833,5
1075,192,63,2266,5
1076,138,45,1973,5
1077,207,68,149,5
1078,109,36,1613,5
1079,246,81,7159,5
1080,15,48,207,5
1081,97,32,2474,5
1082,2,1,28,5
1083,61,5,2166,5
1084,51,17,648,5
1085,29,32,1837,5
1086,133,44,27,5
1087,221,73,316,5
1088,248,82,2356,5
1089,47,15,794,5
1090,202,66,1798,5
1091,173,57,2439,5
1092,21,7,342,5
1093,68,22,51,5
5,342,94,1796,5
6,326,89,1929,5
12,32,88,144,5
1095,217,71,1953,5
1096,42,2,1158,5
1097,148,49,947,5
1098,87,29,1888,5
1099,12,39,138,5
1100,59,19,1192,5
1101,252,92,196,5
1102,103,34,948,5
1103,145,48,2828,5
1106,44,14,678,5
2616,59,18,14,5
1108,145,53,2739,5
1109,293,96,1553,5
17,194,53,1714,5
1110,4,13,96,5
1112,253,83,2985,5
1113,145,48,319,5
1114,31,1,3844,5
1115,26,9,182,4
1116,6,2,486,5
1117,4,22,987,5
1118,56,23,3171,5
1119,97,32,2027,5
1120,79,26,3421,5
1121,215,88,3225,5
1122,234,77,2597,5
1123,59,19,448,5
1124,137,64,5969,5
1125,117,38,1942,5
1126,72,24,1152,5
1127,64,21,646,5
1128,229,75,2244,5
1130,64,21,998,5
1131,154,56,13,5
1132,102,34,857,5
1133,154,56,1437,5
1134,37,12,459,4
1135,68,22,51,5
1136,194,79,1746,5
1137,97,32,13,5
1138,75,27,1317,5
1140,203,74,1624,5
1141,111,37,2176,5
1142,83,34,137,5
1143,175,71,1947,5
1144,2,22,1093,5
1145,4,43,1147,5
1146,149,61,9368,5
1147,79,29,729,5
1148,101,55,2289,5
1149,1,37,1456,5
1150,65,24,1112,5
1151,104,49,1233,5
1152,54,25,933,5
1153,194,71,2436,5
1154,189,69,6027,5
1155,54,22,1465,5
1156,39,42,2509,5
1157,91,99,3579,5
1158,22,9,333,5
1159,44,48,176,5
1160,66,27,916,5
1161,149,61,1099,5
1162,157,64,3945,5
1163,68,25,1738,5
1111,91,3,728,5
74,301,82,2508,5
1164,59,28,1644,5
1165,121,79,7986,5
1166,143,52,1954,5
1167,2,73,9867,5
1168,89,33,1523,5
1169,284,78,3361,5
1170,236,86,4117,5
1171,106,5,2226,5
1173,1,32,337,5
1174,95,77,475,5
1175,2,65,232,5
1176,109,44,1771,5
1178,52,34,1466,5
1179,78,32,2711,4
1180,148,6,1517,5
1181,109,44,1254,5
1182,84,34,1208,4
1183,26,12,747,5
1184,18,2,852,5
1185,3,16,72,5
1186,93,51,2558,5
1187,104,68,3162,5
1188,99,4,916,5
1189,47,22,1235,5
1190,7,8,341,5
1191,1,5,316,5
1192,5,2,1563,4
106,33,9,297,5
1193,17,8,282,4
1194,26,28,1534,5
1196,7,33,111,4
1197,77,42,1733,5
1198,114,62,1881,5
1199,97,4,1649,5
1200,48,22,555,5
1201,86,35,989,5
1202,88,36,2882,5
1203,177,72,2611,5
1204,24,16,1454,5
1205,9,59,2322,5
1206,108,5,3039,5
1207,8,4,241,5
1208,176,82,1659,5
1209,105,49,279,5
1210,95,44,1886,5
1211,181,85,8248,5
1212,22,71,2926,5
1213,177,83,2175,5
1214,44,21,105,5
1215,7,8,413,5
1216,76,36,4506,5
1217,113,74,3006,5
1218,52,24,787,5
88,73,79,1825,5
1172,0,0,0,5
1219,106,5,1893,5
1220,134,63,2182,5
1221,136,64,1438,5
1222,124,58,2817,5
1223,157,85,2329,5
1224,46,25,859,5
1226,24,26,1512,5
1227,136,64,3109,5
1229,34,37,2924,5
1231,87,41,1032,5
1232,135,63,2006,5
1233,31,1,3658,5
1234,32,35,1579,5
1235,165,77,5516,5
1236,4,13,66,5
1239,136,89,1877,5
1240,53,58,3215,5
1241,39,18,485,5
154,161,44,939,5
1242,13,42,1638,5
1243,46,3,902,5
1244,6,28,591,5
1245,75,61,1163,5
1246,87,71,224,5
1247,93,43,4982,5
1248,173,94,5392,5
1249,111,6,2276,5
1250,72,39,1608,5
1251,111,73,2642,5
1252,43,47,1691,5
1253,77,36,1474,5
1254,53,29,707,5
1255,58,38,174,5
1256,106,69,5194,5
1257,336,92,6692,5
1258,126,59,8568,5
1259,129,6,6597,5
1260,56,3,1465,5
1261,144,67,3045,5
1262,78,51,2028,5
1263,177,96,5133,5
1264,45,49,159,5
1266,44,24,1041,5
1267,97,79,1989,5
182,182,5,1213,5
1268,118,64,3442,5
1269,86,93,3698,5
1270,3,33,85,4
1271,21,68,1701,5
1272,7,57,112,5
1225,117,55,3995,5
1237,153,71,2339,5
1230,0,0,0,5
1273,14,15,1125,5
1274,161,88,3113,5
1275,82,67,244,5
1276,22,71,1782,5
1277,91,49,1562,5
1278,4,43,2667,5
1279,112,61,2203,5
1280,16,17,1696,5
1281,16,17,427,4
1282,49,27,809,5
1283,11,35,1331,5
1284,106,58,2526,5
1285,2,22,833,5
1286,82,89,2187,5
1287,6,7,246,5
1288,9,49,222,5
1289,19,5,519,5
1290,29,32,1411,5
1291,66,54,1898,5
1293,108,59,2682,5
1294,155,84,8809,5
1296,62,41,893,5
1297,75,49,2205,5
1298,45,29,1665,5
1299,46,3,1086,5
1300,58,32,2107,5
1301,68,37,2097,5
1302,39,21,1508,5
1303,31,34,723,5
1304,3,3,176,5
1305,127,83,2464,5
1306,94,61,1072,5
1307,81,44,3591,5
1308,98,53,1209,5
1309,73,48,1883,5
1310,31,34,2118,5
1311,21,23,1589,5
1312,6,49,1875,5
1314,77,5,1217,5
1315,18,58,2916,5
1316,46,3,1748,5
1317,9,1,333,5
1318,51,55,2278,5
1319,2,22,673,5
1320,101,82,2929,5
1321,87,57,1531,5
1323,11,35,2343,5
1324,79,52,3049,5
1326,52,34,1248,5
1327,78,63,1619,5
1328,87,57,442,5
1330,61,4,793,5
1325,148,97,2013,5
1329,45,29,1161,5
1331,3,33,104,5
1332,83,54,2971,5
1333,11,35,143,5
1334,56,46,3486,5
1335,82,54,1984,5
1336,45,37,1631,5
1337,16,17,395,5
1338,52,34,1612,5
1339,17,14,383,5
1340,117,76,1966,5
1341,13,14,745,5
1342,25,2,538,4
1343,81,66,2916,5
1344,66,43,1808,5
1345,124,81,191,5
1346,81,53,2333,5
1347,98,64,7781,5
1349,6,39,102,5
1351,114,75,114,5
1352,56,46,147,5
1353,3,2,678,4
1354,7,57,336,5
1355,61,5,1571,5
1357,62,41,1054,5
1358,38,41,1773,5
1359,53,58,1678,5
1360,19,61,1919,5
1361,7,23,504,5
1362,55,45,2874,5
1363,2,22,1353,5
1364,34,37,2301,5
1366,22,24,1459,5
1367,51,55,1904,5
1368,3,97,495,5
1369,4,13,524,5
1370,93,76,2534,5
1371,11,89,2173,5
1372,39,32,1589,4
1373,2,65,252,5
1374,7,23,112,5
1375,22,24,983,4
1376,14,45,2086,5
1377,17,18,1921,5
1378,23,25,1073,5
1380,6,19,654,5
1381,46,37,2783,5
1382,76,62,1045,5
1383,5,54,2733,5
1384,55,6,2127,5
1385,54,59,1872,5
1386,9,1,309,5
1387,56,46,882,5
1356,97,63,1552,5
1388,41,45,1531,5
1389,74,8,2442,5
1390,38,41,1469,5
1391,14,11,427,5
1392,56,61,2819,5
1393,73,59,219,5
1394,4,43,156,5
313,32,9,293,5
1397,43,47,2422,5
1399,53,58,2385,5
1400,22,24,374,5
1402,41,45,1025,5
1403,29,32,1315,5
1404,36,39,324,5
1405,26,84,2496,5
1406,19,61,3097,5
1407,25,81,1925,5
1409,18,58,207,5
1413,352,96,308,5
1414,23,74,1633,5
1421,114,34,1969,5
1422,117,38,1498,5
1423,41,12,35,5
1424,261,72,8069,5
1429,249,68,2677,5
1430,177,58,3558,5
1431,7,76,238,5
1432,135,73,3195,5
1433,279,76,4952,5
1434,162,44,81,5
1435,87,26,1621,5
1436,226,62,7533,5
1437,181,5,1463,5
1438,163,45,1127,5
1439,152,42,4813,5
1440,345,95,23,5
1441,56,21,1244,5
1442,298,98,5334,5
1443,75,22,525,5
1444,113,34,1582,5
1445,59,28,2267,5
1446,315,86,2494,5
1447,188,52,1943,5
1449,89,24,63,5
1450,65,24,104,5
1452,157,43,1204,5
1453,48,22,974,5
1395,0,0,0,5
1455,106,29,3533,5
1456,2,5,377,5
1457,27,87,2943,5
1459,286,78,2479,5
1460,92,1,276,5
1461,192,53,424,5
370,224,61,2557,5
1463,144,39,2112,5
1464,349,96,4072,5
1465,26,9,1162,5
1467,2,73,2356,5
1468,218,65,2755,5
1470,18,58,4968,5
1471,1,16,39,5
1473,77,25,117,5
1474,228,75,1459,5
1475,346,95,3575,5
1476,241,66,3193,5
1477,46,13,575,5
1478,191,52,1051,5
1480,4,13,596,5
1481,132,62,3564,5
1483,113,31,2995,5
1484,207,57,295,5
1485,225,67,1759,5
1487,31,1,2356,5
1488,1,11,563,5
1490,27,29,1332,5
1491,202,55,1953,5
1494,129,35,892,5
1495,276,76,3519,5
1496,213,58,1757,5
1497,159,86,1643,5
1498,344,94,3039,5
1499,6,16,31,5
1501,178,49,2448,5
1502,92,1,3772,5
1503,272,75,2833,5
1504,28,77,413,5
1505,208,57,1907,5
1506,13,85,1768,5
1507,46,38,932,5
1509,26,71,195,5
1510,365,1,4563,5
1511,31,1,6014,5
1512,173,47,1225,5
1462,282,77,2844,5
1469,102,31,1076,5
1489,14,45,21,5
1493,31,34,785,5
1508,295,81,1254,5
1482,0,0,0,5
1513,259,71,3216,5
1514,45,21,849,5
1516,162,44,1121,5
1517,249,68,2532,5
1519,193,53,1544,5
1522,223,61,2453,5
1523,262,72,2664,5
1524,153,42,1403,5
1525,237,78,2394,5
1526,72,2,2844,5
1527,97,27,1156,5
1528,326,89,3695,5
1530,235,64,4445,5
1531,2,6,1273,5
1534,273,75,2139,5
1535,38,1,1346,5
1537,129,35,1473,5
1538,275,75,1994,5
1539,48,13,496,5
1540,26,43,923,5
1543,14,65,282,5
452,133,87,1968,5
1544,249,68,3403,5
1545,276,9,5492,5
1546,109,33,704,5
1547,264,79,3072,5
1548,215,64,1935,5
1549,1,32,203,5
1550,17,62,1322,5
1551,215,64,4339,5
1552,208,57,312,5
1553,189,57,2251,5
1555,25,92,6917,5
1557,88,24,2303,5
1558,357,98,1398,5
1559,248,68,1488,5
1560,295,81,1549,5
1561,279,91,4799,5
1562,119,33,1716,5
1563,5,54,14,5
1564,9,29,684,5
1565,15,48,4875,5
1566,253,69,1876,5
1567,225,74,5895,5
1568,111,33,2967,5
1515,249,68,996,5
1518,88,96,2816,5
1532,0,0,0,5
2735,56,18,7,4
1569,14,46,252,5
1570,11,3,275,5
1571,13,42,3263,5
1573,121,33,2168,5
1574,161,48,2766,5
1575,75,82,18,5
1577,88,29,1478,5
1578,18,49,1155,5
1579,365,1,2373,5
1583,205,56,2204,5
1584,238,71,1666,5
1585,36,99,1485,5
1586,25,68,1104,5
1587,249,68,3486,5
1588,79,52,1849,5
1589,27,81,189,5
1590,243,67,3584,5
1591,61,29,217,5
1594,59,64,3107,5
1596,193,7,2123,5
1597,127,46,5757,5
1598,254,7,2604,5
1600,121,33,1674,5
1601,177,53,2591,5
1602,241,66,4358,5
1603,262,78,1072,5
1604,252,75,2153,5
1606,167,46,877,5
1607,11,12,198,5
1609,304,1,1794,5
1612,175,64,2683,5
1613,236,71,2575,5
1614,319,87,42,5
1615,217,59,2622,5
1616,148,41,5118,5
1617,138,41,286,5
1619,334,92,2533,5
1620,229,69,1915,5
1621,16,52,1984,5
1622,302,83,6594,5
1623,242,66,5183,5
1624,287,79,3851,5
1576,102,28,1692,5
1580,98,29,1604,5
1581,22,24,1511,5
1572,288,86,2723,5
1599,351,96,1901,5
1625,17,55,1377,5
1626,24,66,642,5
1628,98,27,1429,5
1629,244,67,4697,5
1633,264,72,341,5
1634,65,53,2226,5
1636,284,85,253,5
1637,194,53,139,5
1638,39,12,262,5
1639,25,2,575,5
1640,307,92,2735,5
1641,34,12,638,5
1642,23,69,1986,5
1643,244,67,1952,5
1644,215,64,1857,5
1645,31,34,765,5
1646,74,8,444,5
1647,23,63,1648,5
1648,143,39,1168,5
1649,127,35,868,5
1651,159,44,4147,5
1654,128,35,1963,5
1655,313,86,5999,5
1656,142,39,2154,5
1658,91,27,794,5
1659,296,81,3749,5
1660,196,54,4051,5
1661,286,86,2964,5
1662,178,53,1375,5
1663,78,21,533,5
1664,73,34,803,5
1665,8,26,2192,5
1666,21,68,3255,5
1667,49,53,1666,5
1668,212,7,318,5
1669,175,48,2698,5
1670,151,45,4118,5
1671,207,57,2657,5
1672,245,67,6288,5
1674,184,5,2024,5
1675,21,23,581,5
1677,51,55,1751,5
1679,167,46,1086,5
1680,236,65,3206,5
1681,18,65,338,5
1682,146,4,56,5
1627,114,37,627,5
1632,168,55,1142,5
1635,145,53,1369,5
1650,3,1,567,5
1653,273,75,1934,5
1683,28,1,277,4
3088,9,3,149,5
1684,144,53,1744,5
1685,241,72,195,5
1688,81,26,1264,5
1689,136,45,1496,5
1690,242,72,2024,5
1691,19,52,2328,5
1692,247,68,1523,5
1694,314,86,1465,5
1695,24,66,438,5
1698,134,44,2479,5
1699,154,72,2024,5
1700,172,47,2136,5
1701,202,55,6919,5
1702,26,28,2054,5
1703,122,33,1739,5
1704,207,68,4616,5
1705,51,14,65,5
1706,54,59,1926,5
1707,215,78,2676,5
1708,308,84,4338,5
1709,26,9,35,5
1711,293,8,752,5
1712,137,41,1607,5
1714,121,33,119,5
1715,326,89,2717,5
1716,172,47,2709,5
1718,253,69,1961,5
1719,323,88,3284,5
1721,217,65,1558,5
1722,44,13,1488,5
1723,184,5,1303,5
1724,261,96,4292,5
1725,106,29,76,4
1396,26,28,2158,5
1726,133,44,3139,5
1727,26,8,295,5
1728,69,57,1311,5
1729,227,74,4313,5
1730,242,66,1371,5
1731,92,34,1717,5
1732,305,84,1601,5
1735,334,1,1245,5
1736,334,1,1063,5
1737,38,18,679,5
1738,199,6,2895,5
1686,243,67,1235,5
1687,365,1,289,5
1693,266,73,1219,5
1740,274,75,274,5
1741,93,28,1023,5
1742,114,31,646,5
1743,65,18,623,5
1744,152,42,2533,5
1745,229,63,458,5
1746,302,83,1586,5
1747,209,57,62,5
1748,329,9,6032,5
1749,49,53,1176,5
1750,3,3,149,5
1751,6,19,75,5
1754,3,11,1633,5
1755,127,35,2233,5
1758,131,48,1674,5
1759,142,58,2059,5
1760,84,23,399,5
1761,6,2,1026,5
1762,204,61,1762,5
1763,19,5,2,5
1765,1,82,37,5
1767,99,3,1188,5
1769,235,64,2428,5
1770,234,64,1697,5
1771,16,44,2227,5
1772,279,76,479,5
1773,133,36,1696,5
1775,1,32,121,5
1776,31,1,186,5
1778,179,49,3043,5
1779,302,83,2668,5
1780,33,9,3658,5
1781,34,14,642,5
1782,294,81,4655,5
1783,26,28,685,5
1784,149,49,2175,5
1785,5,18,822,5
1786,112,31,495,5
1787,14,45,14,5
1788,142,39,452,5
1789,31,1,4433,5
1790,225,74,1913,5
1791,342,94,399,5
1792,342,94,3677,5
1793,286,78,3194,5
1794,327,9,3406,5
1795,264,72,2662,5
1796,29,8,435,5
1739,281,77,1499,5
1766,0,0,0,5
1777,0,0,0,5
1797,333,91,4107,5
1798,348,95,348,5
1799,177,53,837,5
1801,29,94,3132,5
1802,349,96,285,5
1803,13,36,596,5
1804,235,64,2154,5
1805,215,71,5031,5
1807,91,25,728,5
1808,322,88,4159,5
1809,184,5,7023,5
1810,276,9,5216,5
1811,118,32,1514,5
1812,214,59,5528,5
1813,111,33,938,5
1814,272,75,1564,5
1816,345,95,3709,5
1817,362,99,3168,5
1819,164,45,642,5
1822,36,1,54,5
1823,26,71,2275,5
735,213,58,229,5
1824,73,79,365,5
1825,242,72,264,5
1826,1,5,573,5
1828,197,54,1642,5
1829,262,72,1354,5
1831,243,79,2211,5
1832,262,72,9476,5
1834,247,68,2532,5
1835,135,37,5974,5
1836,91,27,1183,5
1837,82,54,4346,5
1839,33,9,4043,5
1840,354,97,4455,5
1841,251,92,5299,5
1842,2,1,86,5
1843,31,1,4309,5
1844,9,98,213,5
1846,16,52,208,5
1847,289,79,395,5
1850,205,56,1162,5
1851,225,62,1463,5
1852,34,93,1445,5
1800,265,73,4373,5
1818,196,54,1617,5
1827,155,42,1292,5
1806,305,84,94,4
1821,142,66,1542,5
1838,82,67,1497,5
1845,61,1,183,5
1853,274,9,6055,5
1855,307,84,3428,5
1856,11,35,1892,5
1857,249,68,2926,5
1858,336,92,1652,5
1859,75,82,1675,5
1861,108,4,648,5
1862,311,93,2997,5
1863,284,78,213,5
1864,42,14,302,5
1865,246,67,1046,5
1866,162,44,2012,5
1867,37,3,537,5
1868,204,56,1904,5
1869,32,88,248,5
1870,178,49,3397,5
1872,22,71,3168,5
1873,236,65,2045,5
1874,54,59,2322,5
1875,278,83,1365,5
1876,133,36,2095,5
1877,263,87,597,5
1878,24,77,24,5
1879,266,73,3702,5
1880,287,79,244,5
1881,26,71,2037,5
1883,22,6,165,5
1884,108,89,1215,5
1885,215,64,2111,5
1886,167,46,2895,5
1888,242,66,1331,5
1889,212,63,2159,5
1890,217,59,3996,5
1891,122,33,671,5
1892,156,43,767,5
1896,114,31,2195,5
1898,271,74,3275,5
1899,179,49,1208,5
1900,16,44,1693,5
1901,38,14,1098,5
1902,24,77,4152,5
1903,173,52,1431,5
1904,68,74,2493,5
1905,61,2,573,5
1906,145,4,1088,5
1907,21,58,1085,5
1908,38,62,1691,5
1871,29,14,1102,4
1882,124,37,575,5
1887,272,81,1632,5
1895,331,99,1264,5
1860,0,0,0,5
1854,299,82,3015,0
1912,288,79,672,5
1915,3,82,31,5
1916,46,17,1339,5
1917,5,54,1883,5
1920,21,68,3108,5
1922,319,87,1568,5
1923,45,21,1356,5
1924,348,95,1972,5
1925,24,26,1072,5
1926,155,51,822,5
1929,83,9,3209,5
1930,313,86,3365,5
1932,259,71,272,5
1933,27,87,3402,5
1934,286,78,6292,5
1936,168,55,1042,5
1937,24,66,158,5
1938,345,95,1869,5
1939,193,53,1351,5
1940,56,15,737,5
1941,25,2,675,5
1943,169,46,1155,5
1944,319,87,3296,5
1945,32,88,1893,5
1946,22,6,2548,5
1947,243,8,3256,5
1948,168,5,993,5
1949,19,52,2201,5
1950,172,47,3168,5
1951,271,89,1924,5
1952,24,66,148,5
1954,128,35,1803,5
1955,287,79,1244,5
1957,161,53,161,5
1958,168,5,1466,5
1959,158,43,2936,5
1960,14,46,14,5
1961,31,1,31,5
1962,301,82,3161,5
1963,62,17,754,5
1964,187,56,4845,5
1965,244,67,3904,5
1966,79,29,1519,5
1913,75,21,531,5
1921,95,28,415,5
1935,227,68,1011,5
1942,92,1,1717,5
1919,0,0,0,5
1953,0,0,0,5
1967,25,8,305,5
1970,304,91,2681,5
1971,19,52,3088,5
1972,161,44,1852,5
1976,115,32,184,5
1978,205,56,2477,5
1980,277,76,2378,5
1981,145,4,967,5
1982,146,44,1858,5
1984,125,34,2781,5
1985,194,53,5626,5
1987,113,31,819,5
1988,15,12,439,5
1990,208,57,1491,5
1991,14,15,845,5
1993,253,69,3247,5
1994,287,86,167,5
1996,275,9,2613,5
1997,223,61,394,5
1998,47,17,825,4
1999,196,54,1013,5
2000,146,48,1621,5
2001,263,72,5019,5
2002,344,94,1175,5
2003,17,51,1267,5
2004,215,59,3207,5
2005,31,34,92,5
2007,127,38,112,5
2008,34,9,269,5
2009,148,41,1616,5
2010,167,46,1155,5
2011,279,76,1721,5
2012,219,6,2519,5
2013,86,24,124,5
2014,248,68,6717,5
2015,196,54,1927,5
2016,275,82,425,5
2017,227,62,1759,5
2018,214,59,2354,5
2019,1,36,1411,5
2020,254,7,1037,5
2021,64,42,845,5
2023,3,25,114,5
2025,196,8,2818,5
1973,167,46,1127,5
1986,172,51,1126,5
1992,164,45,1011,5
2024,211,58,1477,5
2026,236,71,1244,5
2028,88,24,521,5
2029,268,8,2924,5
2030,225,62,2156,5
2031,78,23,319,5
2032,206,56,2747,5
2033,222,61,1813,5
2034,137,38,1701,5
2036,38,11,763,5
2037,339,93,5565,5
2038,167,46,1322,5
2039,143,43,702,5
2040,294,81,7399,5
2042,273,82,2755,5
2043,316,87,345,5
2045,56,17,244,5
2046,154,42,1283,5
2048,3,97,378,5
2049,132,43,3287,5
2050,107,29,1721,5
2051,93,31,1721,5
2052,3,82,2325,5
2053,141,42,1282,5
2054,74,24,999,5
2055,198,59,3168,5
2057,189,52,1906,5
2058,24,66,34,5
2059,4,15,471,5
2060,107,39,2009,5
2061,43,12,247,5
2063,166,5,1177,5
2065,159,44,61,5
2066,365,1,511,5
2067,217,59,3472,5
2068,257,7,1735,5
2069,87,26,1036,5
2070,207,57,1622,5
2071,125,58,2571,5
2072,224,74,2934,5
2073,191,69,5645,5
2074,2,1,21,5
2076,355,97,4467,5
2077,296,81,4489,5
2078,3,9,142,5
2080,17,55,2516,5
2081,328,9,369,5
2082,153,46,2531,5
2027,16,17,507,5
2035,145,4,2465,5
2075,166,5,755,5
2047,0,0,0,5
2084,198,54,2756,5
2085,184,5,1089,5
2086,12,39,636,5
2087,283,78,2854,5
2089,113,41,1607,5
2090,2,22,773,5
2091,203,56,4178,5
2092,155,42,1033,5
2093,211,58,2884,5
2094,102,31,835,5
2095,92,1,3925,5
2096,75,27,1208,4
2097,238,65,2935,5
2098,51,17,852,5
2099,116,42,1534,5
2100,248,68,5518,5
2101,233,64,2039,5
2102,138,38,92,5
2103,213,64,4163,5
2104,239,65,3127,5
2105,96,29,1588,5
2106,139,38,1888,5
2109,137,41,884,5
2111,135,37,1024,5
2112,225,62,135,5
2113,319,96,232,5
2114,19,57,209,5
2115,24,66,604,5
2116,145,4,2598,5
2117,241,72,1161,5
2118,262,78,1215,5
2119,63,17,992,5
2120,179,66,1551,5
2121,313,86,3078,5
2123,348,95,1885,5
2124,28,77,357,5
2125,25,68,2438,5
2126,148,48,2087,5
2127,271,81,3548,5
2128,334,92,2811,5
2129,262,72,1681,5
2130,63,26,1764,5
2133,203,56,34,5
2135,324,89,3753,4
2137,161,44,2402,5
2138,195,53,2259,5
2139,352,96,2053,5
2083,142,39,746,5
2110,47,13,392,5
2122,149,44,84,5
2131,151,55,1107,5
2132,91,27,438,5
2140,16,4,348,5
2141,179,49,176,5
2143,47,13,149,5
2146,12,36,916,5
2150,205,56,1281,5
2151,106,29,636,5
2153,55,15,422,5
2154,183,5,808,5
2155,16,59,1582,5
2157,155,42,2906,5
2158,14,38,922,5
2159,171,47,2608,5
2160,242,66,988,5
2161,241,66,4639,5
2163,343,94,1143,5
2165,15,4,233,5
2166,54,18,1004,5
2167,189,52,4284,5
2169,242,66,4638,5
2170,139,38,1506,5
2171,198,59,702,5
2172,156,43,1521,5
2173,12,39,78,5
2175,177,48,3157,5
2176,271,81,2291,5
2177,134,37,1184,5
2179,31,85,4056,5
2181,14,45,672,5
2185,336,92,3108,5
2186,137,38,1804,5
2187,173,47,1052,5
2189,155,42,1666,5
2190,294,81,3406,5
2191,158,43,1264,5
2192,272,81,2349,5
2194,8,2,111,5
2195,25,1,384,5
2197,26,71,2708,5
2198,4,11,303,5
2152,182,5,27,5
2145,158,43,1791,5
2148,177,48,1903,5
2149,285,78,1021,5
2156,337,92,1713,5
2162,32,88,1973,5
2164,91,25,523,5
2180,108,3,531,5
2144,0,0,0,5
2199,354,97,2714,5
2200,74,8,3182,5
2201,66,2,456,5
2203,203,56,2165,5
2204,172,51,1939,5
2205,56,26,824,5
2207,111,33,1362,5
2208,109,33,832,5
2209,238,65,242,5
2210,257,77,3294,5
2211,202,55,3956,5
2212,63,17,1113,5
2213,85,23,751,5
2214,34,93,1445,5
2215,187,51,2618,5
2216,304,83,1469,5
2217,237,65,3456,5
2218,146,4,973,5
2219,249,75,1947,5
2220,297,98,5019,5
2221,14,45,2534,4
2222,138,41,1656,5
2225,91,3,764,5
2227,247,68,6607,5
2228,14,38,2648,5
2229,263,72,3551,5
2230,289,79,2095,5
2231,106,87,3207,5
2232,41,15,569,5
2233,159,48,2067,5
2234,247,81,3631,5
2235,151,55,1292,5
2236,186,51,1519,5
2237,23,25,376,5
2238,103,28,1167,5
2239,208,62,2156,5
2240,131,39,1989,5
2241,5,16,108,5
2242,38,31,1501,5
2245,67,18,419,5
2246,129,47,162,5
2247,41,13,357,5
2250,303,83,1818,5
2251,66,27,137,5
2253,146,53,908,5
2254,124,34,1612,5
2255,18,15,419,5
2256,254,76,2101,5
2224,195,53,1333,5
2226,95,28,579,5
2243,292,8,1898,5
2244,298,82,2036,5
2257,253,69,1708,5
2259,6,2,5,5
2260,181,5,996,5
2262,179,49,776,5
2263,159,44,981,5
2265,119,36,649,5
2266,154,42,873,5
2267,124,37,1387,5
2269,133,4,1016,4
2270,6,22,887,5
2272,29,79,2658,5
2273,58,19,1531,5
2275,76,83,2685,4
2276,65,18,563,5
2279,143,39,4099,5
2280,42,12,595,5
2281,261,72,2675,5
2284,56,26,304,5
2285,145,48,1711,5
2286,305,84,2338,5
2288,249,68,1951,5
2289,187,56,1105,5
2290,3,11,723,5
2291,106,32,761,5
2292,236,65,5802,5
2294,83,25,255,5
2296,279,76,1232,5
2297,21,68,2121,4
2298,23,74,2231,5
2299,16,17,571,5
2300,7,23,903,5
2301,3,82,165,5
2302,309,85,5099,5
2305,236,65,4386,5
2306,237,65,1639,5
2309,182,67,2508,5
2310,301,82,4691,5
2311,295,81,2606,5
2312,121,49,2375,5
2313,153,42,2474,4
2314,81,22,952,5
2315,212,7,5067,5
2264,19,21,456,5
2274,88,24,726,5
2282,197,72,1707,5
2283,22,6,1888,5
2287,168,55,2419,5
2304,21,7,149,5
2316,18,2,912,5
2317,81,66,241,5
2318,72,78,252,5
2319,158,43,3397,5
2320,106,39,2403,5
2321,132,4,1524,5
2323,215,59,968,5
2325,201,55,4104,5
2326,4,13,2,5
2327,162,44,1337,5
2328,283,78,3703,5
2329,303,83,3838,5
2330,81,88,1566,5
2331,21,68,966,5
2332,292,8,1144,5
2333,188,56,388,5
2334,204,56,646,5
2336,13,36,1235,5
2337,233,64,2408,5
2338,189,52,2615,5
2339,365,1,6996,5
2341,118,35,676,5
2342,21,69,3549,5
2343,294,81,3259,5
2344,176,53,944,5
2345,179,54,96,5
2347,143,39,2288,5
2348,22,18,655,4
2349,24,77,2712,5
2350,214,59,428,5
2351,15,48,1635,5
2352,225,62,994,5
2353,22,36,1254,5
2354,73,79,275,5
2355,27,87,1404,5
2356,186,68,4113,5
2357,163,45,666,5
2358,2,55,95,5
2360,33,9,319,4
2361,72,78,276,5
2362,107,29,91,4
2363,257,7,3769,5
2365,85,23,46,5
2369,124,34,1292,5
2370,124,41,794,5
2371,124,34,3751,5
2372,46,5,2269,5
2368,101,82,154,5
2340,351,96,4212,5
2322,63,17,499,5
2324,94,38,1022,5
2335,118,35,1148,5
2373,22,6,2548,5
2374,15,16,785,5
2375,27,9,448,5
2376,292,8,7933,5
2378,2,6,1255,5
2379,38,41,3407,5
2380,174,48,3002,5
2381,221,66,1065,5
2382,271,74,2891,5
2383,267,73,89,5
2387,331,91,342,5
1295,92,28,661,5
2388,56,21,436,5
2389,246,67,1886,5
2390,59,24,2043,5
2391,193,58,2316,5
2392,304,83,5067,5
2394,338,93,2732,5
2395,18,58,3888,5
2396,211,58,1248,5
2397,338,93,1352,5
2398,29,94,3103,5
2399,29,32,899,5
2401,317,87,1664,5
2402,28,92,3612,5
2405,188,52,1347,5
2406,242,66,1371,5
2409,25,68,1458,5
2410,104,28,563,5
2411,18,7,114,5
2412,12,78,2496,5
2413,269,88,2663,5
2414,266,8,2515,5
2415,26,28,988,5
2417,46,38,1346,5
2418,337,92,5111,5
2420,55,18,1205,4
2422,214,59,1213,5
2424,21,23,798,5
2425,167,46,2394,5
2426,59,16,1357,5
2427,225,67,2414,5
2428,365,1,6418,5
2386,93,34,1726,5
2404,317,87,1981,5
2423,97,32,873,5
2429,8,26,1024,5
2430,14,15,607,5
2432,89,24,1431,5
2433,57,23,705,5
2434,48,22,1049,4
2435,167,78,3435,4
2436,2,22,1573,5
2438,86,24,788,5
2439,141,42,1243,5
2440,195,53,13,5
2442,57,19,576,5
2443,238,71,3548,5
2444,15,45,886,5
2445,314,86,3114,5
2448,26,71,1278,5
2449,319,87,6167,5
2451,31,1,2697,5
2452,94,31,1175,5
2453,194,53,2926,5
2454,295,81,2163,5
2455,66,24,418,5
2457,211,63,4201,5
2458,286,78,3623,5
2459,235,7,983,5
2461,126,38,962,5
2462,139,38,915,5
2463,316,87,3897,5
2464,159,44,2862,5
2466,261,72,4372,5
2467,1,3,2155,5
2469,27,74,3353,5
2470,132,36,2079,4
1379,87,36,968,5
2471,15,41,1838,5
2472,275,75,1306,5
2473,365,1,4167,4
2474,123,34,1907,5
2475,285,78,1425,5
2476,71,77,1988,5
2477,26,71,10552,5
2478,182,54,3243,5
2479,167,46,3243,5
2481,37,12,895,5
2482,171,47,2679,5
2484,202,6,4095,5
2485,253,69,5629,5
2446,185,51,1018,5
2450,96,79,1584,5
2465,56,18,487,5
2487,291,8,8124,5
2488,7,23,98,5
2490,38,13,68,5
1401,272,81,23,5
2491,198,54,3119,5
2492,165,49,1275,5
2493,159,44,782,5
2496,202,73,3389,5
2497,236,65,5979,5
2498,26,71,5633,5
2499,333,91,4079,5
2500,48,16,1416,5
2501,75,82,375,5
2503,34,14,689,4
1417,269,74,2556,5
1418,205,56,888,5
2504,193,63,2413,5
2505,21,68,4494,5
2506,32,1,428,5
2507,188,52,3259,5
2508,65,19,384,5
2509,12,2,72,5
1428,133,4,701,5
2511,9,1,135,5
2512,197,54,3136,5
2514,335,92,5081,5
2515,17,18,929,5
2516,117,43,1092,5
2517,164,45,1394,4
2518,86,24,487,5
2519,46,19,776,4
2520,23,63,1859,5
2521,212,99,1817,5
2522,165,49,168,5
2523,248,68,2997,5
2524,316,87,3186,5
2525,33,36,231,5
2526,183,5,241,5
2527,99,27,137,5
2528,22,66,422,5
2529,99,3,1251,5
1448,66,22,957,5
2531,21,9,399,5
2532,27,81,1424,5
2533,248,68,9507,5
2534,22,7,604,5
2489,117,96,2954,5
2495,87,24,819,5
1416,133,36,1075,5
1420,1,3,242,5
2510,0,0,0,5
2536,163,45,706,5
2537,108,4,828,5
2538,192,53,96,5
2539,273,75,3845,5
2540,62,2,1265,5
2541,122,37,4425,5
2542,172,47,788,5
2543,171,47,1625,5
2544,16,44,3813,5
2546,57,21,475,5
2547,149,41,1813,5
2548,99,27,1089,5
2549,128,35,1365,5
2550,117,32,1346,5
2551,71,23,426,5
2553,358,98,1939,5
1472,364,1,455,5
2554,79,24,962,5
2555,236,65,236,5
2556,92,1,4539,5
2557,283,78,2712,5
2558,125,34,1302,5
2559,9,3,594,5
2560,123,1,1845,5
2561,28,9,2884,5
2562,28,8,888,5
2563,113,41,2461,5
2564,23,7,236,5
2566,16,17,992,5
2567,275,75,1535,5
2568,267,73,2826,5
2569,49,15,1038,5
2570,114,62,2204,5
2571,104,28,1066,5
2572,201,55,972,5
2573,105,29,639,5
2574,31,34,661,5
2576,166,45,2573,5
2577,6,2,1938,5
2578,365,1,289,5
2579,126,35,1502,5
2581,17,69,2635,5
2582,29,32,483,5
2584,31,25,651,5
2585,247,68,5578,5
2587,79,29,2502,5
2589,165,6,1742,5
2590,198,59,2142,5
2583,117,35,151,5
2545,63,41,932,5
2565,187,56,1139,5
2580,0,0,0,5
2591,27,29,882,5
2592,141,39,893,5
2593,15,16,495,5
2594,165,45,1856,5
2595,24,9,765,5
2596,39,14,238,5
2597,29,11,1041,5
2598,1,11,537,5
2599,237,65,1975,5
2600,6,28,3617,5
2601,178,53,1327,5
2602,167,5,2171,5
2603,101,3,1184,4
2604,213,58,817,5
2605,145,4,701,5
2606,304,1,4894,5
2607,216,65,1001,5
2610,18,2,102,5
2611,151,45,5628,5
2612,108,32,1541,5
2614,75,22,995,5
2615,67,25,931,5
2617,119,33,1745,5
2618,147,53,2058,5
2619,158,43,3265,5
2621,277,76,3139,5
2623,28,9,3528,5
2624,82,22,1811,5
2625,302,83,1334,5
2626,205,56,398,5
2629,106,32,1407,5
2630,28,1,544,5
2631,197,65,1931,5
2632,218,6,1054,5
2635,171,47,1154,5
2637,106,29,1325,5
2638,17,55,2754,5
2639,16,48,2269,5
2640,118,32,2891,5
2641,141,42,1256,5
2642,25,81,2375,5
2644,148,44,1359,5
2645,146,4,973,5
2646,282,77,2491,5
2647,17,55,2074,5
2649,36,99,69,5
2613,195,58,1064,5
2620,182,5,971,5
2633,197,59,1666,5
2634,97,27,453,5
2648,0,0,0,5
2650,216,59,3168,5
2651,108,3,207,5
2652,29,94,1885,5
2653,111,33,696,5
2654,48,31,72,5
2655,62,19,1573,5
2656,65,18,471,5
2658,74,27,625,5
2659,243,67,4151,5
2660,181,66,1428,5
2662,213,58,2325,5
2663,31,25,76,5
2664,275,75,1329,5
2665,201,55,134,5
2666,208,57,2687,5
2667,245,67,1388,5
2668,41,15,888,5
2669,252,69,126,5
2670,131,36,786,5
2671,11,3,1907,5
2673,4,13,208,4
2674,97,27,542,5
2675,22,7,695,5
2676,218,65,2874,5
2677,21,58,2555,5
2678,162,49,19,5
2679,18,7,382,5
2680,222,61,1036,5
2681,239,65,3346,5
2682,5,16,985,5
2683,252,69,1806,5
2684,159,52,1049,5
2685,45,15,257,5
2687,105,35,578,5
2688,12,44,6133,5
2689,156,43,3653,5
2690,81,3,612,5
2691,97,53,2086,5
2694,202,55,4175,5
2696,15,45,1936,5
2697,345,95,1869,5
2698,76,23,1161,5
2699,51,19,652,5
2700,34,14,727,5
2701,53,15,1223,5
2702,244,67,3396,5
2704,72,26,96,5
2705,45,49,2775,5
2707,144,39,2244,5
2692,212,58,2173,5
2693,224,67,916,5
2703,248,68,2397,5
2657,0,0,0,5
2708,88,24,939,4
2709,7,23,812,5
2710,108,32,1944,5
2711,32,12,587,5
2712,138,45,1132,5
2714,208,57,2427,5
2716,211,58,2813,5
2717,315,86,1969,5
2718,102,37,1473,5
2719,278,76,3429,5
2720,62,17,1199,5
2724,27,13,768,5
2726,72,78,1848,5
2728,207,57,2329,5
2729,112,31,1801,5
2730,123,34,204,5
2731,12,44,1173,5
2732,148,41,1616,5
2733,186,56,2215,5
2734,193,63,2606,5
2737,86,31,13,5
2738,211,58,2286,5
2739,22,7,398,5
2740,85,28,1403,5
2741,145,4,882,5
2742,61,17,325,5
2743,89,29,1353,5
2744,29,79,6018,5
2745,41,13,316,5
2746,213,58,1811,5
2747,157,58,1308,5
2748,162,44,1445,5
2749,23,74,3266,5
2750,289,87,2102,5
2752,32,1,314,5
2753,108,3,855,5
2754,22,6,1247,5
2755,17,55,3111,5
2757,54,25,1011,5
1676,281,77,3161,5
2758,104,31,1475,5
2760,82,3,1339,5
2761,8,22,212,5
2762,37,12,644,5
2763,36,39,9,5
2764,277,76,1639,5
2765,226,62,998,5
2725,29,9,137,5
2751,87,26,1036,5
2722,0,0,0,5
2766,231,63,2426,5
2767,104,28,537,5
2769,149,41,4594,5
2770,217,65,1302,5
2771,44,12,4,5
2772,6,22,593,5
2773,83,39,794,5
2774,59,19,826,5
2775,39,18,663,4
2776,225,62,5381,5
2777,68,32,1127,5
2778,134,37,1742,4
2779,233,64,3495,5
2780,201,55,4288,5
2781,18,6,297,5
2783,11,12,444,5
2784,95,44,1751,5
2785,323,88,1211,5
2786,15,41,2013,5
2787,9,25,495,5
2788,46,15,35,5
2789,53,19,601,5
2791,47,13,548,5
2792,87,41,1193,5
2793,21,58,147,5
2794,71,26,1191,5
2795,58,21,49,5
2796,41,12,6,4
2797,47,17,366,5
2798,179,59,188,5
2800,61,18,1281,5
2801,301,82,2584,5
2802,55,22,1327,5
2804,31,11,448,5
2807,106,32,944,5
2808,276,76,4301,5
2809,32,88,3653,5
2810,94,31,479,5
2811,179,49,27,5
2813,57,16,1406,5
2816,148,41,814,5
2817,234,86,338,5
2819,29,1,592,5
2821,61,2,921,5
2823,102,34,51,5
2790,167,46,3424,5
2768,33,54,875,5
2822,123,34,1148,5
2782,3,82,2325,5
2805,0,0,0,5
2815,0,0,0,5
2824,32,11,1248,5
2825,72,24,418,5
2826,59,19,1823,5
2827,35,1,923,5
2829,151,41,19,5
2830,184,5,1043,5
2831,136,37,1621,5
2832,5,54,1667,5
2833,268,73,1385,5
2834,82,27,214,5
2835,18,58,117,5
2836,135,63,486,5
2837,21,8,504,5
2838,77,5,6406,5
2839,48,13,596,5
2840,49,18,653,5
2842,234,96,1784,5
2844,236,71,4527,5
2845,74,48,1791,5
1764,34,12,514,5
2846,1,3,101,5
2847,241,66,2812,5
2848,34,12,196,5
2849,184,5,7605,5
2850,112,31,644,5
2851,109,36,1123,5
2852,64,23,2475,5
2853,82,25,559,5
2854,14,38,1447,5
2855,136,41,1892,5
2856,199,55,2322,5
2857,128,47,394,5
2858,159,44,981,5
2859,41,15,542,5
2861,31,9,442,5
2862,283,78,2288,5
2863,68,25,378,5
2864,158,47,905,5
2865,45,16,1285,5
2866,1,33,67,5
2868,125,34,448,5
2870,157,52,2543,5
2871,159,44,2319,5
2872,74,2,641,5
2873,123,4,3899,5
2874,113,31,687,4
2875,76,28,785,5
2876,132,36,671,5
2878,57,17,694,5
2879,83,9,1826,5
2841,163,45,1494,5
2828,0,0,0,5
2869,0,0,0,5
2880,13,14,893,5
2881,186,51,355,5
2882,1,5,264,5
2883,65,18,861,5
2884,164,6,2697,5
2885,315,86,1181,5
2887,81,24,2172,5
2888,117,38,2609,5
2889,9,1,393,5
2890,89,29,1148,5
2892,107,44,2769,5
2893,213,58,1598,5
2894,4,11,29,4
2895,263,87,1368,5
2896,143,52,779,5
2897,187,51,2789,5
2898,16,44,2653,5
2899,46,19,903,5
2900,302,83,2114,5
2901,173,47,1788,5
2902,62,2,98,5
2903,266,73,4921,5
2904,18,54,3502,5
2905,207,57,2864,5
2906,114,42,1317,5
2908,84,25,1741,5
2909,47,17,684,5
2910,64,21,2963,5
2911,35,12,312,5
2912,209,57,784,5
2914,8,22,767,5
2915,15,48,279,5
2916,15,45,2441,5
2917,44,14,1245,5
2919,29,9,161,5
2920,259,71,6497,4
2921,281,92,2417,5
2922,114,38,1767,5
2924,98,27,588,5
2925,128,35,1557,5
2926,109,3,1853,5
2927,158,52,3302,5
2928,89,33,88,5
2929,152,5,1702,5
2930,25,9,208,5
2931,46,15,1293,5
2932,25,81,1925,5
2933,51,19,329,5
2934,119,36,627,5
2935,145,48,1334,5
2936,143,47,1945,5
2891,195,53,3559,5
2886,221,61,1326,5
2923,0,0,0,5
2937,54,22,689,5
2938,107,35,749,5
2939,16,53,928,5
2940,213,58,3284,5
2941,87,26,593,5
2942,122,33,1708,5
2943,346,95,4181,5
2944,284,78,2556,5
2945,125,34,3833,5
2948,135,37,754,5
2949,6,16,325,5
2950,127,35,519,5
2951,13,4,17,5
2952,23,9,489,4
2953,57,21,2065,5
2954,192,7,1899,5
2955,184,61,2447,5
2956,51,15,274,5
2957,82,22,355,5
2958,111,41,2195,5
2959,274,75,169,5
2960,71,23,703,5
2961,24,66,34,5
2962,21,68,2856,5
2963,178,49,132,5
2964,227,75,1748,5
2966,3,2,468,5
2967,266,73,1773,5
2969,92,25,1219,5
2970,89,29,2172,5
2971,247,68,14,5
2972,285,78,1971,5
2973,13,14,849,5
2974,59,16,993,5
2975,133,4,1137,5
2977,105,38,2438,5
2980,39,11,354,5
2981,87,29,1618,5
2982,236,71,1159,5
2983,72,34,1563,5
2986,134,37,86,5
2987,58,19,638,5
2988,254,7,8255,5
2989,97,27,881,5
2990,131,43,1546,5
2991,209,57,1045,5
2992,73,27,568,5
2993,52,85,247,5
2994,54,2,318,5
2965,65,21,1385,5
2968,0,0,0,5
2995,118,32,1278,4
2996,89,36,138,4
2997,47,17,1159,5
2998,52,16,643,5
3000,202,74,312,5
3001,84,31,709,5
3002,3,97,276,5
3003,66,22,739,5
3004,3,2,171,4
3005,129,42,2516,5
3006,149,41,1602,5
3007,251,69,5438,5
3008,162,53,923,5
3009,37,11,565,5
3010,15,49,201,5
3011,302,83,3297,5
3012,77,25,1155,5
3013,18,66,292,5
3014,246,81,3469,5
3015,99,36,1342,4
3016,5,2,763,5
3017,1,37,1544,5
3019,24,39,3672,5
3020,19,61,1216,5
3021,114,41,1596,5
3022,302,83,3574,5
3024,82,3,3307,5
3025,43,16,339,5
3026,76,21,69,5
3027,52,85,1976,5
3028,116,32,2987,5
3029,122,33,1515,5
3030,4,12,265,5
3031,308,84,3516,5
3032,243,67,3767,5
3033,52,17,354,5
3034,135,49,138,5
3035,18,58,189,5
3036,51,17,627,5
3037,247,68,2161,5
3039,9,3,1323,5
3040,33,9,4785,5
3043,49,23,966,5
3044,228,68,2736,5
3045,23,11,608,5
3047,93,25,1318,5
3048,48,31,649,5
3049,139,51,2471,5
3050,52,19,647,5
3051,36,17,463,4
3052,188,69,2716,5
3038,249,82,1718,5
3046,62,2,44,5
3053,136,41,1867,5
3054,244,67,2562,5
3055,92,3,1546,4
3056,89,42,1767,5
3057,145,53,886,5
3058,205,56,492,5
3059,193,58,3018,5
3060,284,85,1781,5
3061,67,22,409,5
3062,291,8,9094,5
3063,109,3,481,5
3064,56,21,859,5
2480,109,3,2998,5
3065,125,34,2844,4
3066,268,8,3387,5
3068,5,14,65,4
3069,52,17,416,5
3070,103,28,1562,4
3071,118,32,2193,5
3072,65,21,728,5
3073,129,35,3419,5
3074,133,36,2239,5
3075,117,43,806,5
3076,13,42,2587,5
3077,229,63,3893,5
3078,9,3,64,5
3079,73,22,896,5
3080,34,12,238,5
3081,42,46,1666,5
3082,207,57,1691,5
3083,9,29,765,5
3084,21,68,2835,4
3087,199,72,5904,5
3090,128,42,3136,5
3092,152,56,5675,5
3093,244,67,2094,5
3094,35,28,1619,5
3095,99,27,817,5
3096,63,17,866,5
3097,66,22,13,5
3098,152,42,874,5
3099,11,35,1529,5
3100,9,3,1548,5
3101,97,45,151,5
3102,17,55,1088,5
3103,47,15,893,5
3104,114,37,1003,5
3105,155,51,248,5
3106,2,9,766,5
3108,9,33,57,5
3067,0,0,0,5
3116,28,9,3416,5
3125,159,48,2024,5
3126,26,12,531,5
3127,126,46,182,5
3128,21,68,1911,5
3129,165,45,1609,5
3130,86,7,2559,5
3131,21,58,1838,5
3132,191,52,875,5
3133,161,53,2318,5
3134,88,29,2279,5
3135,104,34,676,5
3136,215,59,4121,5
3137,4,66,14,5
3138,18,58,2448,5
3139,7,3,149,4
3140,266,73,3835,5
3142,6,2,462,5
3144,165,45,165,5
3145,199,55,2388,5
3146,3,97,186,5
3147,173,47,649,5
3149,255,93,153,5
3150,68,32,1263,5
3151,17,51,2148,4
3152,57,19,331,5
3154,93,25,984,5
3155,59,64,2537,5
3156,124,45,175,5
3157,26,8,506,5
3158,9,33,85,5
3159,145,43,1753,5
3160,73,27,73,5
3161,5,14,317,5
3163,191,52,2801,5
3164,309,85,3785,5
3165,76,21,1197,5
3166,62,23,475,5
3167,108,36,2063,5
3111,94,31,141,5
3141,26,84,2756,5
3168,65,71,13,5
3170,69,25,445,5
3171,236,65,9833,5
3172,51,19,2731,5
3173,232,64,3847,5
3174,215,59,249,5
3175,37,14,197,5
3176,247,68,4528,5
3177,275,75,4813,5
3178,96,32,624,5
3179,284,78,2177,5
3180,265,73,2716,5
3181,69,23,2305,5
3182,41,12,731,5
3183,113,31,631,5
3184,183,5,2501,5
3185,63,17,767,5
3186,166,55,2756,5
3187,197,65,3566,5
3188,289,79,171,5
3189,141,39,1739,5
3190,31,1,183,5
3191,241,66,3414,5
3193,305,84,1322,5
3194,85,23,1523,5
3195,88,29,634,5
3196,73,27,56,5
3197,202,74,1908,5
3198,93,34,982,5
3199,23,8,164,5
3200,128,42,2509,5
3201,3,82,4475,5
3202,33,15,603,4
3203,2,5,97,5
3204,226,62,5631,5
3205,51,15,283,5
3206,75,21,344,5
3207,97,27,1431,5
3208,46,17,1058,5
3209,5,16,25,4
3210,87,29,1166,5
3211,35,38,1027,4
3212,48,16,821,5
3214,7,3,366,5
3215,75,25,908,5
3216,86,28,1823,5
3217,9,3,567,5
3220,242,8,1694,5
3221,102,34,683,5
3222,53,17,488,5
3223,145,4,1523,5
3192,97,29,3712,5
3169,3,1,19,5
3224,188,52,2695,5
3225,176,58,183,5
3226,186,51,1535,5
3227,92,34,736,5
3228,9,2,47,5
3229,301,82,2483,5
3230,1,32,123,5
3231,133,44,2447,5
3232,75,25,968,5
3233,69,45,3836,5
3234,253,69,4891,5
3235,131,43,1441,5
2622,3,1,219,5
3237,236,65,118,5
3238,185,55,3582,5
3239,19,31,57,5
3240,41,19,996,5
3241,117,43,923,5
3242,5,16,141,5
3243,52,17,1425,5
3244,134,37,1061,5
3245,227,62,2838,5
3246,117,43,1092,5
3248,98,32,1725,5
3251,12,33,166,5
3253,65,71,1083,5
3254,5,16,39,5
3255,305,84,2847,5
3256,79,22,625,4
3257,63,21,1544,5
3258,97,45,176,5
3259,119,39,1095,5
3261,34,12,952,5
3263,206,56,3468,5
3264,114,31,836,5
3265,202,74,3591,5
3267,28,9,806,5
3269,149,49,1758,5
3272,74,24,1406,5
3273,34,11,717,5
3274,176,53,1936,5
3275,113,41,1293,5
3278,106,29,1113,3
3247,138,51,2239,5
3249,29,48,1247,5
2178,23,63,1802,5
3262,298,82,2235,5
3280,164,45,2665,4
3282,15,7,5014,5
3283,175,48,2931,5
3285,45,18,36,5
3286,75,25,156,5
3287,87,26,925,5
3288,12,4,29,5
3289,87,29,4063,5
3290,49,18,1138,4
2695,17,5,145,5
3293,48,18,1109,5
3294,154,72,4818,5
3295,14,45,126,5
3296,237,78,3839,5
3297,69,25,981,5
3298,239,79,1601,5
3301,88,29,546,5
3305,31,11,207,5
3306,36,13,1396,5
3307,55,22,1128,5
3308,159,52,38,5
3309,16,44,1933,5
3310,14,51,1416,5
3312,18,59,4248,5
3313,291,8,3759,5
3315,31,1,2914,5
3316,138,45,425,5
3317,14,46,1498,5
3318,59,19,802,5
3319,27,87,2295,5
2248,221,61,1547,5
3320,172,57,946,5
3323,28,11,266,5
3324,22,8,164,5
3327,167,55,1186,5
3328,115,38,1656,5
3329,89,27,898,5
3330,141,46,2707,5
3331,85,35,1094,5
3332,75,27,667,4
2261,365,1,2129,5
3333,82,27,1074,5
3334,71,23,1001,5
3335,208,57,2981,5
3336,68,22,564,4
3291,122,4,2879,5
3314,128,38,3025,5
3300,68,25,929,5
3321,0,0,0,5
3337,23,76,2254,5
3338,73,24,1453,5
3339,59,97,3186,5
3340,149,81,1465,5
3342,63,21,907,5
3343,143,47,1773,5
3344,54,89,1809,5
3345,64,23,1067,5
3346,98,32,145,4
3347,43,16,908,5
3348,27,1,438,5
3349,52,17,692,5
3350,122,36,455,5
3351,99,3,909,5
3352,163,54,3162,5
3353,151,45,1592,5
3354,22,1,317,5
3355,12,4,123,5
3356,19,7,213,5
3357,57,19,314,5
3358,135,49,9,5
3359,132,43,194,5
3360,31,1,496,5
3361,157,52,1931,5
3362,169,56,485,5
3363,146,48,1183,5
3364,144,47,2088,5
3365,26,84,221,5
3366,97,32,1038,5
3368,205,67,123,5
3369,54,2,1086,5
3370,38,13,79,5
3371,78,36,1337,5
3372,124,41,1463,5
3373,182,6,6315,5
3374,167,46,2978,5
3375,262,78,5073,5
3376,303,1,5818,5
3377,45,15,1139,5
3378,58,21,967,5
3379,111,3,1119,5
3380,68,44,4474,5
3381,17,55,2261,5
3382,3,1,345,5
3383,61,2,433,5
3384,1,32,175,5
3386,29,94,4408,5
3387,226,74,556,5
3388,51,17,321,5
3389,254,76,1639,5
3390,159,52,2783,5
3392,181,6,21,5
3393,31,13,86,5
3341,53,19,383,5
3385,0,0,0,5
3394,154,51,1648,5
3395,167,5,2171,5
3396,187,62,4058,5
3397,129,42,1329,5
3398,21,1,525,5
3400,123,4,1538,5
3402,46,15,805,5
3403,97,32,2163,5
3404,127,59,871,5
3407,106,35,1314,5
3408,245,81,3259,5
2759,26,7,219,5
3409,149,55,2235,5
3412,89,33,1256,5
3414,95,31,1112,5
3416,29,11,177,5
3417,123,4,2423,5
3418,73,24,803,5
3419,51,17,1902,4
3420,16,9,36,4
3422,317,95,1037,5
3423,65,24,2001,5
3424,124,41,2517,5
3425,174,64,3074,5
3428,108,36,1058,5
3430,54,18,1253,5
3432,11,36,1474,5
3433,29,1,238,5
3434,31,1,248,5
3435,25,81,325,5
2367,274,75,3471,5
3438,64,21,48,5
3439,6,22,947,5
3440,223,73,937,5
3441,107,39,844,5
3442,88,29,1399,5
3443,209,69,349,5
3445,135,44,756,5
3447,65,21,1404,5
3399,1,0,65,5
3437,0,0,0,5
3449,245,81,4704,5
3450,267,88,1922,5
3451,192,7,32,5
3452,4,15,44,5
3453,86,32,745,5
3454,23,8,745,5
3455,113,37,365,5
3456,11,35,1298,5
3457,4,15,489,5
3458,19,61,1805,5
3460,184,61,6624,5
3461,118,43,2648,5
3462,49,16,392,5
3463,66,22,502,5
2806,125,41,135,5
3464,103,38,1087,5
3465,53,19,707,5
3467,125,41,2513,4
3468,182,6,3385,5
3470,169,56,4512,5
3471,32,12,288,5
3472,4,13,376,5
3474,72,24,1375,5
3475,55,18,336,5
3476,273,9,4232,5
3477,91,3,3758,5
3478,79,29,1185,5
3479,85,4,984,4
3480,82,3,656,5
3481,268,88,3618,5
3482,92,3,1684,5
3483,185,61,9139,5
3484,76,25,654,5
3487,69,23,483,5
3489,159,52,827,5
3490,184,61,3349,5
3491,32,12,604,5
3493,128,42,3674,5
3495,33,22,455,5
3496,121,4,4417,5
3497,69,23,1359,5
3498,8,43,2627,5
3499,6,22,1713,5
3501,38,14,334,5
3502,117,55,3209,5
3503,16,59,2347,5
3504,146,48,254,5
3492,27,87,2889,5
3505,4,2,95,5
3506,99,33,1158,5
3508,54,2,2568,5
3509,74,24,1687,5
3511,65,21,605,5
3512,41,13,582,5
3513,4,15,391,5
3515,4,15,533,5
3516,23,76,6256,5
3518,93,76,2651,5
3519,166,55,2722,5
3520,93,31,893,5
3521,5,2,132,5
3522,155,51,3364,5
3523,16,52,24,5
3524,153,5,887,5
3525,71,23,1228,5
3527,67,54,2312,5
3528,2,7,256,5
3529,47,77,2585,5
3530,58,19,858,5
3531,98,32,804,5
3532,59,19,271,5
3533,202,66,202,5
3534,52,19,1514,5
3535,77,25,2256,5
3539,67,22,998,5
3540,194,64,1727,5
3541,142,47,4871,5
3544,106,35,2046,5
3548,87,29,1366,5
3549,92,34,593,5
3551,35,16,146,5
3553,14,23,868,4
3554,209,69,2863,5
3555,247,81,3532,5
3556,184,67,2044,5
3557,4,13,372,5
3558,27,1,1134,5
3560,1,32,126,5
3507,147,48,3322,5
3559,0,0,0,5
3561,38,14,92,5
3562,111,41,1875,5
3563,81,27,988,5
3564,82,27,517,5
3565,118,43,4064,5
3566,72,39,1836,5
3567,41,13,406,5
3568,37,14,489,5
3569,209,85,3631,5
3570,206,75,499,5
3571,64,23,434,5
3573,47,38,2385,5
3574,213,78,1799,5
3575,51,19,527,5
3576,9,29,954,5
3577,119,39,2166,5
3578,75,25,503,5
3579,207,68,2774,5
3580,193,71,4589,5
3581,153,5,3075,5
3582,109,36,1962,5
3583,106,35,1632,5
3584,86,28,2494,5
3585,47,17,433,5
3586,4,13,1396,5
3587,29,14,323,5
3588,105,35,1712,5
3589,75,25,1125,5
3590,74,27,559,5
3591,55,6,99,5
3592,106,35,2523,5
3593,68,25,1156,5
3594,118,39,1652,5
3595,67,25,581,5
3599,47,17,903,5
3600,11,35,1232,5
3601,42,15,1806,5
3602,3,1,62,5
3604,159,58,1113,5
3605,79,29,588,5
3606,66,36,1771,5
3608,37,61,2313,5
3609,61,22,1301,5
3610,52,19,607,5
3613,56,21,38,5
3614,9,33,1,5
3617,106,39,1967,5
3619,69,38,782,5
3572,113,74,3774,5
3598,1,32,65,5
3621,228,84,3775,5
3622,62,23,703,5
3624,2,82,345,5
3628,106,39,919,5
3629,233,85,5696,5
3630,94,34,2277,5
3631,18,58,198,5
3632,61,22,2074,5
3633,227,83,285,5
3634,58,21,2062,5
3635,234,86,5512,5
2947,38,14,203,5
3636,246,9,3581,5
3637,52,19,618,5
3640,2,33,5,5
3641,84,31,1559,5
3642,55,2,1179,5
3643,141,52,1081,5
3644,64,3,4078,5
3645,44,16,557,5
3647,181,66,1508,5
3648,66,27,1073,5
3649,7,23,84,5
3650,72,47,1094,5
3651,14,51,7,5
3652,121,44,632,5
3654,168,62,3547,5
3655,9,29,1134,5
3656,7,23,84,5
3657,49,18,686,5
3658,5,18,4,5
3659,109,4,3682,5
3660,59,22,918,5
3661,152,56,5269,5
3662,6,49,2655,5
3663,19,9,402,5
3665,58,21,1063,5
3666,43,7,2322,5
3667,11,51,1131,5
3668,16,52,88,5
3670,112,41,2228,5
3671,26,1,468,4
3672,222,81,3429,5
3673,31,1,3441,5
3675,87,32,2049,5
3664,57,27,456,5
3646,0,0,0,5
3677,163,6,2264,5
3678,99,36,3289,5
3679,51,41,1224,5
3680,23,74,1426,5
3682,96,35,619,5
3683,17,11,656,5
3685,7,23,553,5
3686,56,21,1201,5
3687,184,67,961,5
3688,29,94,2204,5
3689,194,71,5734,5
3690,41,27,1927,5
3691,9,29,918,5
3693,128,6,757,5
3694,29,16,798,4
3695,118,55,3894,5
3696,73,4,1691,5
3697,165,77,2074,5
3698,22,71,3036,5
3700,105,69,1575,5
3701,129,6,1935,5
3702,35,19,642,5
3703,59,24,1173,5
3704,53,35,212,5
3705,9,29,612,5
3706,152,71,3257,5
3707,11,35,1529,5
3708,72,78,1872,5
3709,75,35,814,5
3711,76,62,969,5
3712,19,61,1862,5
3713,2,65,11,5
3715,9,29,2061,5
3716,84,55,2722,5
3717,14,45,98,5
3718,5,2,1063,5
3719,32,26,752,5
3720,151,62,3133,5
3723,46,19,966,5
3724,1,32,195,5
3725,95,39,1924,5
3726,56,92,1092,5
3727,64,26,1688,5
3728,26,21,572,5
3729,138,64,4002,5
3730,77,31,128,5
3731,25,12,361,4
3732,76,31,3487,5
3733,73,79,1338,5
3681,0,0,0,5
3736,126,51,1811,5
3737,143,67,3841,5
3739,98,64,4253,5
3741,68,55,2346,5
3742,65,3,1616,5
3745,24,77,6576,5
3746,1,16,4,5
3747,199,81,2139,5
3748,18,58,18,5
3749,43,18,1005,4
3750,54,44,3281,5
3041,6,65,226,5
3753,26,84,169,5
3754,27,22,81,5
3757,61,1,241,5
3758,74,35,1099,5
3759,36,17,293,5
3760,65,3,566,5
3761,1,32,65,5
3764,133,87,10826,5
3765,72,39,186,5
3766,104,49,208,5
3767,34,22,816,5
3768,16,17,587,5
3769,84,39,1644,5
3772,52,57,2773,5
3773,51,24,1719,5
3774,24,39,1608,5
3775,31,1,1364,5
3776,4,22,36,5
3779,86,47,3956,5
3780,117,76,2785,5
3781,101,47,1703,5
3782,87,71,3328,5
3783,59,32,1672,5
3785,17,55,85,5
3786,78,36,1605,5
3787,5,2,2925,5
3789,102,55,1598,5
3790,39,21,657,5
3735,146,79,2993,5
3743,0,0,0,5
3784,0,0,0,5
3791,6,19,63,4
3794,85,35,2752,5
3795,28,9,14,5
3796,84,46,2968,5
3798,14,45,2198,5
3800,78,36,195,5
3801,132,86,1901,5
3803,107,58,1409,5
3804,83,45,2061,5
3805,25,41,813,5
3806,5,27,1867,5
3807,2,9,443,5
3808,23,15,331,5
3809,93,76,1418,5
3810,159,74,2226,5
3811,101,55,1178,5
3812,14,76,2357,5
3814,38,16,67,5
3815,12,2,81,5
3816,35,57,98,5
3817,106,69,1336,5
3818,28,9,4004,5
3819,159,65,5009,5
3820,59,32,1682,5
3821,109,44,2357,5
3822,126,59,126,5
3823,3,1,285,5
3825,18,7,484,5
3826,26,84,351,5
3827,21,68,2667,5
3828,164,77,4592,5
3829,23,74,1311,5
3830,87,57,1061,5
3832,21,14,827,5
3833,3,97,276,5
3834,65,53,208,5
3835,132,62,1546,5
3840,109,59,1653,5
3842,14,45,77,5
3844,4,7,176,3
3845,27,22,81,5
3847,6,19,51,5
3848,54,44,1445,5
3850,21,68,2205,5
3797,59,28,1846,5
3802,99,46,2121,5
3839,21,68,1134,5
3831,0,0,0,5
3851,28,15,583,4
3853,54,25,918,5
3854,3,5,222,5
3855,42,2,576,5
3856,18,12,522,5
3857,23,74,1081,5
3859,95,44,19,5
3860,5,3,129,5
3861,145,68,1036,5
3862,107,58,2122,5
3863,92,43,2418,5
3866,31,34,403,5
3867,127,83,1981,5
3868,73,34,1575,5
3869,77,5,2002,5
3870,16,9,36,5
3871,5,16,6,5
3872,18,58,1206,5
2818,34,93,3712,5
3873,46,3,598,5
3874,4,13,404,5
3875,62,41,181,5
3880,75,35,546,5
3881,37,24,1539,5
3882,179,84,133,5
3884,46,5,1978,5
3885,152,71,5581,5
3886,39,64,1989,5
3888,55,26,1768,5
3889,3,1,134,5
3890,59,97,3806,5
3895,105,57,434,5
3897,64,35,2027,5
3898,169,79,4056,5
3899,16,52,384,5
3900,68,44,4121,5
3902,182,85,3068,5
3903,139,65,2264,5
3904,126,59,2592,5
3905,13,42,1157,5
3906,18,58,1692,5
3907,89,48,1869,5
3908,123,57,879,5
3909,21,68,1596,5
3858,2,33,153,5
3878,22,14,26,5
3910,24,77,216,5
3911,26,84,3926,5
3912,48,31,1978,5
3913,6,19,1152,5
3915,22,71,2662,5
3916,29,94,3132,5
3918,18,12,403,4
3919,131,61,2882,5
3920,38,41,1849,5
3921,33,27,2789,5
3922,32,52,296,5
3923,18,58,324,5
3924,14,45,2324,5
3925,15,25,1118,5
3926,12,39,1692,5
3927,107,58,3299,5
3089,85,23,885,4
3928,28,9,252,5
3930,65,42,1469,5
3931,3,49,12,5
3934,69,38,2427,5
3935,21,17,1019,5
3936,174,81,2187,5
3937,3,33,109,4
3938,8,65,47,5
3939,18,8,807,5
3940,88,41,1584,5
3941,28,15,1223,5
3942,21,68,945,5
3943,29,24,1385,5
3944,63,41,1966,4
3945,37,17,555,5
3947,121,79,1234,5
3948,2,65,438,5
3949,3,1,672,5
3950,11,35,1001,5
3951,46,25,1035,5
3955,18,84,1774,5
3956,68,44,2054,5
3957,68,37,2278,5
3958,1,54,1967,5
3959,77,36,1408,5
3960,115,54,2776,5
3961,21,68,3255,5
3962,17,55,3587,5
3963,126,68,1785,5
3964,3,49,84,5
3965,24,2,912,5
3966,75,82,2025,5
3914,145,68,2154,5
3932,0,0,0,5
3946,0,0,0,5
3967,91,49,2002,5
3968,103,48,156,5
3969,66,43,1241,5
3970,9,49,2025,5
3971,4,66,338,5
3976,25,81,13,5
3977,132,72,1254,5
3980,4,3,197,5
3981,109,51,2414,5
3983,74,6,999,5
3984,65,71,2643,5
3985,159,86,1908,5
3987,16,52,1296,4
3989,93,76,1744,5
3991,22,36,1683,5
3992,42,34,251,5
3993,54,35,1436,5
3995,26,84,208,5
3996,24,13,612,5
3997,6,19,516,5
3999,135,88,1971,4
4000,109,71,1482,5
4001,64,35,3051,5
4003,17,14,693,5
4004,154,84,2669,5
4006,68,74,2471,5
4007,1,32,105,5
4008,123,8,1378,5
4009,18,58,1584,5
4011,23,74,2185,5
4012,67,36,1396,4
4015,144,78,2064,5
4017,22,71,165,5
4018,27,22,662,5
4019,81,44,621,5
4021,127,69,1143,5
4022,103,67,2451,5
4023,82,54,1984,5
4024,27,87,4077,5
4025,21,68,3927,5
4026,143,78,1239,5
4002,132,72,1474,5
3973,0,0,0,5
3974,0,0,0,5
3975,0,0,0,5
4170,0,0,0,5
4016,0,0,0,5
4028,51,55,1411,5
4029,1,32,102,5
4030,79,43,1159,5
4032,66,54,2129,5
4033,64,7,3435,5
4034,57,46,1126,5
4035,154,84,9317,5
4036,125,82,395,5
4037,73,48,1752,5
4038,56,61,224,5
4040,11,72,6754,5
4042,57,46,1069,5
4043,12,39,72,5
4046,77,5,2757,5
4047,39,25,1139,5
4048,28,46,1666,4
4049,31,17,594,4
4050,27,22,1202,5
4051,18,58,189,5
4053,16,52,1424,5
4054,1,3,119,5
4055,68,37,2051,5
4056,152,83,7499,5
4057,18,12,673,5
4058,24,13,268,4
4059,6,19,786,4
4060,24,77,1224,5
4062,102,67,2366,5
4063,31,25,1612,5
4064,66,43,1663,5
4065,98,8,3602,5
4066,18,58,153,5
4068,8,26,156,5
4069,9,29,774,5
4070,17,55,3655,5
4071,21,14,895,5
4072,11,35,924,5
4073,2,65,186,5
4074,81,53,3596,5
4075,41,27,1173,5
4077,85,92,1473,5
4078,48,31,1632,5
4079,89,48,31,5
4081,84,91,1792,5
4082,78,63,3354,5
4083,56,37,1982,5
4085,14,45,175,5
4027,0,0,0,5
4086,41,45,1681,5
4087,16,1,224,5
4088,69,75,3611,5
4089,32,35,2859,5
4090,83,54,166,5
4092,91,74,4391,5
4094,122,8,3367,5
4095,51,41,1224,5
4097,75,82,5175,5
4098,56,3,3127,5
4099,102,55,1394,5
4100,6,19,288,4
4101,12,39,2172,5
4102,76,5,988,5
4103,14,45,896,5
4106,18,58,2358,5
4107,86,7,2043,5
4108,9,29,531,5
4110,21,68,2121,5
4111,12,39,1884,5
4114,5,82,27,5
4115,46,5,1702,5
4116,139,91,12204,5
4117,104,68,13208,5
4118,73,59,1259,5
4120,21,68,1239,5
4121,35,28,3071,4
4122,23,74,3887,5
4123,21,68,1281,5
4124,26,84,1638,5
4125,9,29,1782,5
4126,73,59,1989,5
4127,18,3,2151,5
4128,117,95,3744,5
4131,18,58,144,5
4132,61,5,885,5
4133,44,29,757,5
4134,25,81,3525,5
4136,18,3,747,5
4137,66,54,3152,5
4138,103,84,1339,5
4139,116,76,1253,5
4140,28,46,77,5
4142,45,37,1193,5
4143,63,41,2016,5
4144,36,59,3204,5
4145,56,61,933,5
4093,37,3,675,5
4112,25,27,75,5
4091,0,0,0,5
4146,12,8,206,5
4147,347,95,2718,5
4148,16,52,2544,5
4149,29,94,3422,3
4153,24,77,3,5
4154,115,75,2691,5
4155,13,42,858,5
4156,15,48,2295,4
4157,22,71,3234,5
4158,102,67,6875,5
4161,51,84,1658,5
4162,22,71,407,5
4163,11,35,154,5
4164,15,48,135,5
4165,85,56,3621,5
4166,76,83,1343,5
4167,101,82,2778,5
4168,31,34,1281,5
4169,51,55,2465,5
4171,38,41,2761,5
4172,22,71,253,5
4173,5,54,1033,5
4174,114,93,2138,5
4175,29,48,2349,5
4177,53,35,1537,5
4178,5,5,26,5
4179,44,48,1364,5
4180,79,86,2765,5
4185,97,79,2595,5
4191,18,58,2358,5
4192,51,55,17,5
4193,11,35,1903,5
4194,74,8,3182,5
4196,3,49,117,5
4197,7,57,525,5
4199,13,42,1521,5
4200,73,59,3157,5
4201,7,57,2783,5
4202,57,62,1577,5
4203,104,68,156,5
4204,89,72,2603,5
4205,89,72,316,5
4206,16,1,906,4
4209,54,89,2187,5
4210,98,8,3283,5
4211,35,23,833,5
4212,2,6,45,5
4213,17,14,191,5
4214,57,93,1254,5
4215,117,95,6406,5
4217,24,2,99,5
4218,15,48,117,5
4219,59,48,1387,5
4220,38,41,1013,5
4221,14,45,287,5
4222,25,41,1813,5
4223,35,57,1068,5
4224,18,58,1962,5
4225,41,67,4592,5
4226,84,68,5229,5
4227,105,85,1418,5
4228,82,89,2952,5
4229,31,25,698,5
4230,4,33,68,5
4232,63,51,2426,5
4233,48,79,1896,5
4234,66,54,1832,5
4235,1,32,181,5
4236,76,62,2622,5
4237,98,8,2548,5
4238,34,56,1649,5
4239,16,52,1584,5
4241,11,35,2552,5
4244,7,23,959,5
4245,3,97,87,5
4246,66,54,3812,5
4247,7,57,126,4
4248,31,1,2821,5
4249,61,5,456,5
4251,8,26,12,5
4252,19,61,1311,5
4255,106,86,1246,5
4256,16,52,4848,5
4258,17,55,17,5
4259,16,13,8,5
4260,38,62,1406,5
4262,59,48,1033,5
4263,18,2,402,5
4265,25,41,2263,5
4250,86,93,1863,5
4207,0,0,0,5
4254,0,0,0,5
4266,48,39,1872,5
4267,6,19,1512,5
4268,16,52,1552,5
4269,34,37,1394,5
4270,19,61,4313,5
4271,54,59,36,5
4272,25,81,2025,5
4274,39,64,1443,5
4275,24,77,1944,5
4276,54,44,5589,5
4277,59,48,988,5
4278,75,82,145,5
4279,57,93,1938,5
4280,77,84,308,5
4282,38,41,1545,5
4283,1,32,97,5
4284,1,32,113,5
4285,7,57,1995,5
4286,45,49,138,5
4287,79,86,2107,5
4288,3,24,1313,5
4289,8,26,1408,5
4290,38,41,785,5
4291,12,39,2388,5
4292,24,77,4584,5
4293,16,52,1904,5
4294,42,34,62,5
4295,14,45,1246,5
4296,34,56,2958,5
4297,77,84,7058,5
4298,65,71,1885,5
4299,32,52,16,5
4300,22,71,275,5
4301,35,57,1383,5
4302,49,8,2132,5
4303,3,49,3555,5
4304,24,77,4368,5
4305,78,85,234,5
4306,75,82,88,5
4307,22,24,1511,5
4308,31,1,186,5
4309,16,52,3568,5
4310,7,23,14,5
4311,36,39,2748,5
4313,2,33,56,4
4314,9,1,387,5
4315,35,38,887,5
4316,21,68,2919,5
4318,18,58,1944,5
4319,3,33,1,5
4321,1,32,15,5
4322,48,52,816,5
4323,46,75,1541,5
4281,0,0,0,5
4324,15,48,2745,5
4326,45,74,1575,5
4327,17,55,1547,5
4328,4,66,238,4
4329,49,8,3283,5
4330,32,35,1579,5
4331,14,45,1316,5
4332,65,71,953,5
4333,21,68,3108,5
4334,1,3,125,5
4335,22,71,2552,5
4336,8,26,12,5
4337,57,62,2527,5
4339,44,48,2009,5
4341,41,45,1216,5
4342,29,94,2784,5
4343,22,24,2559,5
4345,2,33,182,5
4346,35,57,3885,5
4347,28,9,308,4
4349,28,46,1288,5
4350,28,9,1932,5
4351,12,39,84,5
4352,35,38,1388,5
4354,21,68,1911,5
4358,42,69,1512,5
4360,47,77,1739,5
4361,42,69,3234,5
4363,28,9,2184,5
4364,28,46,168,5
4365,11,35,1188,5
4367,26,84,26,5
4369,35,57,1995,5
4370,37,61,1499,5
4373,8,26,2,5
4376,17,28,374,5
4377,23,74,1978,5
4378,209,57,7019,5
4381,185,68,3597,5
4382,15,4,183,5
4383,193,63,6041,5
4366,323,88,4387,5
4338,52,57,4299,5
4340,41,67,2665,5
4374,31,51,992,5
4384,186,56,3534,5
4385,134,4,5397,5
4386,2,55,3033,5
4388,24,9,395,4
4389,175,48,6315,4
4390,73,27,1209,5
4391,199,55,5157,4
4392,119,56,306,4
4394,7,19,764,5
4395,22,6,284,4
4398,6,7,194,5
4401,149,7,6471,5
4402,26,28,3432,5
4403,163,6,6085,5
4404,16,53,1792,5
4405,52,57,2513,5
4407,175,64,1264,5
4408,67,73,8844,5
4410,218,65,3746,5
4411,56,17,1125,4
4412,101,47,2049,5
4416,17,55,2771,5
4417,2,65,264,5
4419,48,52,208,5
4421,17,62,1606,5
4424,131,39,4025,4
4425,8,22,2613,4
4429,107,29,1667,3
4430,64,19,103,5
4432,88,32,3285,5
4434,24,11,734,5
4435,102,67,1061,5
4436,16,7,437,5
4437,121,44,6211,5
4438,87,32,1208,4
4439,205,56,7073,3
4440,128,35,1152,5
4441,192,7,32,5
4399,0,0,0,4
4396,6,16,55,5
4409,2,7,158,5
4406,0,0,0,5
4420,0,0,0,3
4431,0,0,0,5
4387,0,0,0,5
4443,73,34,1679,5
4444,68,22,1278,4
4445,253,69,6262,4
4446,32,35,336,3
4447,89,42,1907,5
4448,201,6,5171,4
4449,154,72,187,5
4451,81,38,1759,4
4453,69,19,1599,5
4454,32,35,1205,5
4456,137,5,1492,4
4457,16,5,191,5
4458,159,44,2465,5
4459,37,17,428,5
4460,113,31,1996,5
4461,3,1,66,5
4462,157,43,1439,4
4464,51,19,448,5
4466,96,63,4493,5
4467,79,26,203,5
4468,21,6,613,5
4469,35,16,605,5
4470,13,53,6273,5
4471,14,5,512,4
4472,184,67,4212,4
4475,82,38,2378,3
4477,2,7,34,5
4479,115,42,345,4
4480,8,37,5429,4
4482,143,47,4533,5
4483,1,36,4411,5
4484,63,21,2237,5
4485,153,5,2264,5
4486,123,4,5843,5
4487,15,5,273,5
4488,56,15,1013,5
4489,79,29,1334,5
4490,131,43,1742,5
4491,8,3,9,5
4492,25,68,425,5
4493,17,8,838,5
4494,79,26,2425,4
4495,25,9,678,5
4496,19,6,251,5
4497,52,21,1099,5
4498,18,8,723,5
4463,12,6,453,5
4476,31,1,205,4
4450,0,0,0,4
4481,0,0,0,5
4499,31,14,1112,5
4502,94,34,3823,5
4503,16,5,429,5
4504,124,45,3059,5
4505,199,72,3051,5
4507,2,9,1277,5
4508,85,31,2541,5
4509,28,3,1465,5
4510,53,17,1288,4
4511,48,17,608,5
4512,43,35,2333,5
4513,6,65,334,5
3612,61,2,1257,4
4514,4,19,2251,5
4515,146,68,6487,5
4516,93,25,837,5
4517,15,16,955,5
4518,96,45,288,4
4520,24,11,837,4
4521,86,4,4116,5
4523,97,27,889,5
4524,219,6,6205,5
4525,71,23,852,5
4526,168,79,4368,5
4527,17,8,84,5
4528,151,55,2416,5
4529,27,9,248,5
4530,176,58,4488,5
4531,26,28,1551,3
4532,84,31,2408,5
4533,27,9,505,5
4534,157,73,3275,5
4535,87,41,4251,5
4536,54,25,1296,5
4537,172,57,442,5
4538,54,25,1689,5
4540,39,13,842,5
4541,122,57,2423,4
4543,183,86,3895,5
4544,24,11,675,5
4545,144,47,432,5
4547,3,1,1074,5
4549,43,13,504,5
4550,17,6,155,4
4551,141,66,1974,5
4553,109,36,3314,5
4546,0,0,0,5
4555,1,3,486,5
4556,123,4,1009,5
4557,11,4,224,5
4558,3,9,114,4
4559,173,81,823,5
4560,65,21,156,5
4561,106,58,3887,4
4562,126,46,2562,5
4563,41,13,361,5
4564,9,3,1431,5
4565,58,19,1752,5
4566,34,11,979,4
4567,83,27,1071,5
3699,27,13,579,5
4569,189,62,2627,5
4570,98,4,2181,4
4571,149,7,3278,4
4572,223,73,4326,5
4573,99,46,2008,5
4574,28,23,1589,4
4575,54,18,583,5
4576,13,61,3789,5
4578,142,47,2655,5
4579,204,67,3835,5
4580,2,7,486,5
4581,86,32,2886,5
4582,11,4,45,5
4584,48,52,28,5
4585,89,29,3231,4
4586,1,47,2757,5
4589,148,54,2598,5
4590,4,19,2109,5
4591,38,18,1314,5
4592,146,53,2093,5
4593,64,23,704,5
4594,131,43,4428,5
4595,127,59,4717,5
4596,74,35,2357,5
4597,142,52,4654,5
4598,93,34,3038,4
4600,63,29,2403,5
4601,35,16,121,5
4602,72,78,2136,5
4604,87,41,2461,5
4605,136,5,346,4
4606,16,7,1051,4
4608,63,29,4428,4
4554,38,14,1085,5
4587,0,0,0,5
4610,14,7,71,5
4611,31,14,1333,5
4612,78,36,1404,5
4614,47,38,1187,5
4615,15,7,3771,5
4616,43,2,2248,5
4617,16,1,406,5
4618,4,19,114,5
4619,98,4,245,4
4620,4,2,11,1
4621,68,32,194,5
4623,75,35,3846,5
4624,43,2,805,5
4625,144,67,3374,5
4627,126,59,441,5
4628,97,45,1081,5
4629,104,49,1174,5
4630,123,57,3356,5
4631,104,42,2132,4
4632,88,41,3143,5
4634,44,21,1729,5
4635,84,39,4188,5
4636,154,63,385,5
4637,1,3,25,4
4639,35,38,483,5
4640,1,47,1786,5
4641,47,51,2507,5
4642,109,71,4425,5
4643,44,21,1936,5
4644,51,24,1661,5
4650,55,3,2218,5
4653,113,92,2543,5
4654,64,7,4181,4
4655,19,15,831,5
4656,78,51,415,5
4657,18,58,2502,5
4659,67,73,8353,5
4662,3,97,354,5
4609,26,84,3042,5
4638,0,0,0,5
4649,0,0,0,4
4651,0,0,0,4
4669,2,65,238,5
3618,97,32,98,5
4671,25,16,73,5
4672,18,2,117,4
4674,106,69,4049,5
4676,24,16,797,4
4678,25,2,438,5
3793,178,83,1449,5
4679,13,14,745,5
4681,22,71,385,5
4682,17,28,672,4
4683,71,46,2925,5
4687,59,64,3914,5
4689,37,61,235,5
4691,19,61,3705,5
4693,17,55,2992,5
4698,39,32,158,5
4701,33,36,1298,5
4702,21,68,2268,4
4703,25,81,4375,5
4705,53,43,2266,5
4707,42,46,1428,5
4710,11,12,543,5
4713,29,94,1479,5
4080,3,97,309,5
4198,76,83,1925,5
4257,31,1,2263,5
4692,45,37,2081,5
4031,0,0,0,5
4666,0,0,0,5
15,329,9,1755,5
16,295,81,263,5
1,177,48,1593,5
2,279,76,10091,5
3,167,46,4746,5
4,191,52,2722,5
9,253,83,3846,5
10,54,18,886,5
11,84,25,68,5
13,319,87,2844,5
14,135,37,574,5
1228,7,2,51,5
1313,358,98,2655,5
1419,289,79,8212,5
1713,181,5,5928,5
2460,32,35,939,5
3653,143,67,427,5
694,222,61,4921,5
722,159,44,1206,5
739,315,86,3124,5
766,9,3,99,5
1048,53,43,1736,5
1060,3,1,375,5
1129,84,28,647,5
1292,44,24,704,5
1458,308,84,1925,5
1593,123,34,4018,5
1610,228,68,1948,5
1815,196,54,2156,5
1848,4,7,388,5
1897,83,3,489,5
2064,27,74,225,5
2079,95,26,673,5
2142,272,75,1972,5
2918,139,38,869,5
2946,162,44,2552,5
3153,2,65,344,5
3236,64,21,1587,5
3266,119,36,2813,5
3284,57,19,45,5
3302,189,52,3024,5
3303,78,21,1437,5
3304,18,6,477,5
3325,18,6,709,5
3596,61,2,133,5
3738,8,4,124,4
3837,61,5,1083,5
3841,1,3,3,5
4135,106,86,4982,5
8,225,67,1882,5
1582,177,48,1003,5
4393,4,43,2227,5
4400,102,28,1666,4
4415,231,63,3253,5
4452,26,71,4377,5
4588,19,61,1444,5
4633,3,97,291,5
3299,253,92,2558,5
85,17,47,1388,5
89,343,94,2944,5
91,259,71,2245,5
119,282,77,2139,5
140,194,53,1568,5
157,276,83,3764,5
179,304,83,2508,5
180,39,25,406,5
222,357,98,119,5
225,311,85,2644,5
230,252,69,1932,5
243,33,9,2475,5
280,314,86,1675,5
358,137,38,3071,5
367,179,58,1951,5
416,207,57,2294,5
466,107,29,4102,5
490,119,33,942,5
506,3,82,3125,5
538,353,97,3148,5
555,259,94,1324,5
608,353,97,3089,5
852,232,76,1694,5
867,21,6,455,5
894,194,64,1377,5
895,23,63,1399,5
896,181,6,1448,5
899,64,21,742,5
1177,96,45,3758,4
1195,56,26,104,5
1238,109,59,1744,5
1348,27,22,736,5
1350,1,32,129,5
1365,33,36,2145,5
1408,19,61,2242,5
1410,29,94,7917,5
1412,25,81,2675,5
1425,35,96,1838,5
1426,8,3,69,5
1451,5,18,1283,5
1466,293,8,1953,5
1479,253,69,2172,5
1520,92,33,2116,5
1521,43,16,1147,5
1529,122,37,2629,5
1533,152,42,3141,5
1536,78,21,1359,5
1541,9,27,916,5
1542,138,38,276,5
1554,254,7,8509,5
1592,158,43,4701,5
1595,138,38,2346,5
1608,265,73,3666,5
1611,253,93,3907,5
1618,317,87,1215,5
1630,13,36,104,5
1631,1,27,758,5
1652,365,1,1855,5
1678,67,22,142,5
1696,16,4,184,4
1710,102,28,1666,5
1720,275,82,2475,5
1752,137,5,1446,5
1830,167,46,135,5
1833,25,68,3188,5
1849,173,47,2379,5
1893,4,11,1297,5
1894,257,7,2806,5
1909,251,69,1652,5
1910,131,39,2668,5
1911,162,44,2768,5
1914,104,28,3857,5
1918,194,58,3492,5
1927,307,84,2968,5
1928,3,82,31,5
1931,164,45,19,5
1956,282,77,3361,5
1968,236,65,234,5
1969,266,73,2616,5
1975,312,85,585,5
1977,21,58,273,5
1979,334,1,167,5
1983,254,7,3874,5
1989,111,3,1314,5
1995,107,29,2836,5
2022,196,59,237,5
2041,225,62,15,5
2044,152,42,2305,5
2056,24,26,1632,5
2062,48,13,528,5
2088,256,7,352,5
2107,204,56,2176,5
2108,21,58,1925,5
2134,221,61,3978,5
2136,365,1,2068,5
2168,206,56,2146,5
2174,164,45,2706,5
2182,119,36,1331,5
1556,25,27,1483,5
3792,0,0,0,5
2183,103,84,273,5
2184,194,53,2215,5
2188,222,61,3367,5
2193,151,41,3033,5
2196,57,62,4294,5
2202,154,42,2438,5
2206,21,7,701,5
2252,122,66,9618,5
2258,325,89,4063,5
2271,237,65,6834,5
2277,188,62,3948,5
2278,157,57,1797,5
2293,144,39,12,5
2295,73,2,1521,5
2303,84,23,1344,5
2307,285,78,6389,5
2308,13,36,208,5
2346,13,36,1603,5
2359,234,64,4758,5
2364,48,14,1196,5
2366,152,46,1561,5
2384,211,69,6077,5
2385,363,99,2178,5
2393,15,16,75,5
2400,211,58,3886,5
2403,121,33,3358,5
2407,109,3,1653,5
3877,63,68,3066,5
2408,124,34,2821,5
2421,39,16,795,5
2431,26,84,2678,5
2441,194,53,4123,5
2456,37,3,136,5
2468,141,52,3212,5
2483,241,66,5161,5
2486,55,15,669,5
2494,72,2,1182,5
1411,361,99,2046,5
2502,64,18,368,5
2586,145,53,3142,5
2608,31,2,75,5
2609,228,62,8132,5
2627,101,28,976,5
3896,6,49,1755,5
2628,153,5,2081,5
2636,13,42,2132,5
2643,299,82,5656,5
2661,57,16,261,5
2672,41,11,1158,5
2686,6,18,971,5
2706,259,71,5784,5
2713,118,39,4744,5
2447,0,0,0,5
2715,223,61,5352,5
2721,223,61,3995,5
2727,66,18,1023,5
2736,189,69,315,5
2799,41,27,1517,5
2803,301,82,301,5
2812,24,7,52,3
2814,138,41,1367,5
2843,22,6,3887,5
2860,327,9,13625,5
2867,12,36,2138,5
2877,208,68,337,5
2907,98,36,1241,5
2913,104,57,1785,5
2978,145,4,18,5
2979,314,86,9499,5
2984,235,64,5797,5
2999,171,47,6213,5
3018,17,47,3003,5
3023,47,51,1849,5
3042,197,65,2423,5
3085,219,6,4033,5
3086,99,33,1337,5
3091,164,54,1788,5
3107,91,3,1329,5
3109,49,18,784,5
3110,52,19,803,5
3112,42,13,535,5
3113,77,28,1027,5
3114,68,25,1164,5
3115,86,26,1251,5
3117,157,43,2106,4
3118,18,49,207,5
3119,104,28,1265,5
3120,67,22,1012,5
3121,127,35,1789,5
3122,88,29,1364,4
3123,108,3,1494,5
3124,302,83,1258,5
3143,3,97,231,5
3148,175,48,4025,5
3162,2,1,55,5
3213,163,45,1467,5
2147,242,66,1513,5
3250,65,21,1476,5
3252,287,79,3803,5
3260,21,68,5229,5
3268,254,7,8509,5
3270,35,57,1733,5
3271,105,35,1092,5
3277,78,21,78,5
3279,64,19,704,5
3391,135,44,3146,5
3401,136,5,4171,5
2756,0,0,0,5
4020,172,47,1534,5
3405,9,3,1629,5
3406,135,49,3075,5
3410,152,56,2111,5
3413,8,29,1182,5
3415,137,5,4734,5
3421,34,56,1377,5
3426,108,36,3154,5
3427,113,37,2328,5
3431,6,2,2436,5
3444,141,46,2214,5
3446,147,48,2822,5
3448,61,2,133,5
3459,32,11,307,5
3466,175,58,2538,5
3469,63,21,1424,5
3473,125,41,3075,5
3485,97,32,1213,5
3486,53,25,916,5
3488,144,47,2866,5
3494,221,73,3757,5
3500,78,26,1264,5
3510,193,71,7162,5
3514,15,49,24,5
3517,47,15,109,5
3990,16,48,698,5
3526,272,89,9683,5
3536,137,45,5891,5
3537,29,1,1409,5
3543,16,6,267,5
3545,57,93,305,5
3546,168,62,2613,5
3547,74,24,1443,5
3550,126,82,2797,5
3597,17,55,1377,5
3607,138,51,935,5
4005,69,25,2085,5
3615,141,52,2585,5
3616,72,26,1544,5
3620,14,51,3407,5
3623,138,51,3082,5
3625,34,12,1432,5
3626,12,39,1512,5
3627,13,42,1573,5
3638,121,44,449,5
3639,99,36,2893,5
3669,11,4,2139,5
3674,38,14,1153,5
3676,45,16,84,5
3684,1,37,2133,5
3411,42,27,647,5
3436,0,0,0,5
3692,22,71,2684,5
3710,38,16,1435,5
3714,3,49,147,5
3721,39,64,3432,5
3722,61,29,2928,5
3734,123,5,4689,4
3740,72,29,2898,5
3744,13,42,3796,5
3751,23,74,3427,5
3752,146,68,3024,5
3756,1,32,185,4
3762,63,29,1665,5
3763,14,45,1624,5
3770,38,18,101,5
3771,76,36,1889,5
3777,31,51,2248,5
3778,116,63,3519,5
3788,109,59,5886,5
3824,98,4,4226,4
3838,29,94,4611,5
3843,12,56,3326,5
3852,35,38,1073,5
3865,186,87,4039,5
3876,71,33,1329,5
3892,45,21,1273,5
3893,22,71,2046,5
3917,84,39,3504,5
3929,83,39,4399,5
3933,112,52,3232,5
3952,11,35,1331,5
3953,99,46,2673,5
3972,26,14,1053,5
3978,28,3,691,5
3979,8,26,84,5
3982,68,37,1983,5
3988,124,58,2657,5
3994,51,33,602,5
3998,81,44,2538,5
4010,17,55,3944,5
4014,4,66,292,5
4039,22,71,374,5
4041,3,97,315,5
4044,16,1,525,5
4045,13,42,2067,5
4052,118,64,4681,5
4061,5,27,1333,5
4076,11,18,1298,5
4109,11,35,2365,5
4113,32,52,2176,5
4119,24,77,4056,5
4150,54,44,1539,5
4151,12,39,2496,5
3813,0,0,0,5
3891,0,0,0,5
4152,77,63,3253,5
4159,9,59,5166,5
4160,16,52,1856,5
4181,21,34,4862,5
4182,17,55,1887,5
4183,7,57,2415,5
4186,2,65,184,5
4187,54,89,3105,5
4188,19,61,2014,5
4189,18,58,18,5
4190,18,58,198,5
4195,95,77,5843,5
4208,72,78,1872,5
4216,83,67,6951,5
4231,29,32,957,5
4240,16,52,2336,5
4242,3,49,207,4
4243,22,71,2816,5
4253,2,65,31,5
4261,36,29,963,5
4264,38,62,4237,5
4273,21,17,824,5
4312,36,39,1188,5
4105,29,32,1044,5
4317,15,48,306,5
4320,26,84,312,5
4344,27,74,3893,5
4355,24,39,396,5
4356,29,48,2422,5
4357,3,49,105,5
4359,7,23,1197,5
4362,24,39,144,5
4368,34,56,2329,5
4371,34,56,2584,5
4372,18,58,3366,5
4375,19,61,1786,5
4413,267,73,3293,5
4414,15,16,805,5
4422,159,74,2953,5
4423,31,9,493,5
4426,2,7,153,5
4427,92,25,644,5
4428,34,9,201,5
4433,63,23,42,5
4442,3,1,972,4
4465,32,12,224,5
4129,162,49,2047,5
4473,18,5,113,4
4474,53,16,337,5
4478,9,33,145,3
4500,71,26,773,5
4501,109,4,2192,5
4519,71,21,555,5
4522,21,68,1659,5
4542,136,64,2837,5
4548,34,12,854,4
4184,236,71,2317,5
4552,2,7,404,5
4141,245,67,3063,5
4577,69,23,3029,5
4583,61,29,2248,5
4599,64,3,1719,5
4603,107,87,2301,5
4607,64,7,6592,5
4613,186,68,4919,5
4622,6,28,2726,5
4645,69,38,2634,5
4647,77,42,2682,4
4652,12,65,298,4
4658,25,41,575,4
4661,1,32,102,5
4663,12,39,12,5
4664,36,39,888,5
4665,27,29,873,5
4668,52,28,676,5
4670,4,43,1013,5
4673,25,81,9625,5
4675,96,78,7896,5
4677,74,48,4026,5
4680,31,1,2511,5
4684,9,29,927,5
4686,81,66,5407,5
4688,13,11,705,5
4690,78,85,2496,5
4694,32,35,2379,5
4695,64,7,1771,5
4696,64,7,192,5
4697,42,69,168,5
4699,18,58,4626,5
4700,35,28,2188,5
4704,8,87,7013,5
4706,23,25,713,5
4708,56,61,28,5
4709,29,94,2291,4
4711,19,61,3021,5
4712,18,58,1584,5
262,164,67,2071,5
270,21,58,1278,5
310,243,73,1524,4
319,215,59,1236,5
328,191,52,1035,4
414,284,78,1041,4
417,272,75,1337,5
445,168,46,154,5
448,189,52,1717,5
4568,0,0,0,4
455,322,88,2093,5
580,46,13,495,5
589,54,15,554,5
597,32,9,256,5
602,97,27,768,5
603,96,26,896,5
607,306,84,227,5
639,219,6,2245,5
654,291,96,2212,5
658,262,96,2212,5
659,116,94,2204,5
662,309,85,1931,5
669,121,66,1896,5
673,241,79,1952,5
675,175,95,2363,5
677,136,37,623,5
678,43,13,203,5
703,284,85,2091,5
710,288,79,2304,5
716,184,5,1273,5
719,317,87,1427,5
720,82,22,567,5
733,231,63,1097,5
750,46,17,547,5
811,25,12,282,4
814,296,81,1505,5
834,257,7,2763,5
923,177,58,1841,5
1000,95,31,751,5
1004,153,62,197,5
169,15,1,207,5
1265,115,93,1811,5
1673,92,25,92,5
1717,203,95,2204,5
1733,225,67,1964,5
1734,6,16,535,5
1753,228,62,1881,5
1757,125,37,1318,5
1768,25,81,2525,5
1774,13,36,509,5
2535,123,37,559,5
2575,85,25,502,5
1500,293,8,1734,5
2588,72,24,526,5
3367,254,7,2201,5
1820,167,46,1239,5
3326,6,2,1458,5
1454,208,57,3727,5
1486,81,27,535,5
1492,264,72,2002,5
1657,12,33,85,5
2223,156,43,1248,5
2249,147,4,992,5
2416,9,98,363,5
2437,27,18,378,4
2723,224,67,1935,5
3219,118,32,1485,5
3542,11,36,77,5
3603,46,21,493,5
3755,13,21,1339,5
1139,0,0,0,5
1322,0,0,0,4
2513,0,0,0,5
2530,0,0,0,5
2976,0,0,0,5
2985,0,0,0,5
3836,0,0,0,5
3846,0,0,0,5
3849,0,0,0,5
3799,0,0,0,5
3864,0,0,0,4
3879,0,0,0,5
3883,0,0,0,5
3887,0,0,0,5
3894,0,0,0,5
3901,0,0,0,5
3954,0,0,0,5
3322,0,0,0,5
4104,0,0,0,5
4130,0,0,0,5
3538,0,0,0,5
3552,0,0,0,5
4096,0,0,0,5
3611,0,0,0,5
3986,0,0,0,5
4084,0,0,0,5
4176,0,0,0,5
4418,0,0,0,5
4348,207,75,1656,5
4626,0,0,0,5
4667,0,0,0,5
4685,0,0,0,5
1697,0,0,0,5
3218,0,0,0,5
4067,0,0,0,5
4325,15,41,325,5
4379,22,66,392,5
4397,0,0,0,5
4380,183,6,4538,5
4660,33,18,781,5
4715,1,32,231,5
4717,21,68,6489,5
4718,15,48,168,5
4719,13,42,78,5
4720,26,84,3484,5
4714,18,58,2646,5
4716,32,35,224,5
570,159,44,1007,5
679,53,15,481,5
960,44,16,621,5
1021,28,8,404,5
1068,35,12,441,5
1427,214,59,1783,5
1398,0,0,0,5
1605,236,65,1121,5
1756,82,54,1099,5
2377,174,48,1769,5
2552,268,73,134,5
2820,22,8,428,4
3292,99,27,2582,5
3311,0,0,0,4
3429,72,24,1188,5
4353,0,0,0,5
4455,141,66,1954,5
4506,32,11,771,5
4539,43,16,927,5
794,83,34,1027,5
3281,213,64,1239,5
847,319,87,1755,5
4646,92,5,3143,5
4648,1,3,145,5
463,239,65,996,5
